date,city,vehicle_count,avg_speed,congestion_level
2025-01-17,Delhi,275,35,Medium
2025-01-17,Bangalore,266,36,Medium
2025-01-17,Mumbai,639,10,High
2025-01-17,Chennai,523,10,High
2025-01-17,Ahmedabad,291,33,Medium
2025-01-17,Hyderabad,407,20,High
2025-01-17,Lucknow,346,27,Medium
2025-01-17,Shimla,64,58,Low
2025-01-18,Delhi,558,10,High
2025-01-18,Bangalore,290,33,Medium
2025-01-18,Mumbai,498,10,High
2025-01-18,Chennai,387,22,High
2025-01-18,Ahmedabad,365,25,High
2025-01-18,Hyderabad,206,43,Medium
2025-01-18,Lucknow,197,44,Medium
2025-01-18,Shimla,93,55,Low
2025-01-19,Delhi,348,27,Medium
2025-01-19,Bangalore,340,28,Medium
2025-01-19,Mumbai,387,22,High
2025-01-19,Chennai,217,41,Medium
2025-01-19,Ahmedabad,422,19,High
2025-01-19,Hyderabad,421,19,High
2025-01-19,Lucknow,378,23,High
2025-01-19,Shimla,179,46,Medium
2025-01-20,Delhi,311,31,Medium
2025-01-20,Bangalore,205,43,Medium
2025-01-20,Mumbai,591,10,High
2025-01-20,Chennai,550,10,High
2025-01-20,Ahmedabad,286,34,Medium
2025-01-20,Hyderabad,415,19,High
2025-01-20,Lucknow,246,38,Medium
2025-01-20,Shimla,152,49,Medium
2025-01-21,Delhi,350,27,High
2025-01-21,Bangalore,403,21,High
2025-01-21,Mumbai,367,25,High
2025-01-21,Chennai,404,21,High
2025-01-21,Ahmedabad,210,42,Medium
2025-01-21,Hyderabad,463,14,High
2025-01-21,Lucknow,294,33,Medium
2025-01-21,Shimla,197,44,Medium
2025-01-22,Delhi,420,19,High
2025-01-22,Bangalore,159,48,Medium
2025-01-22,Mumbai,298,32,Medium
2025-01-22,Chennai,547,10,High
2025-01-22,Ahmedabad,257,37,Medium
2025-01-22,Hyderabad,261,36,Medium
2025-01-22,Lucknow,234,39,Medium
2025-01-22,Shimla,124,52,Low
2025-01-23,Delhi,427,18,High
2025-01-23,Bangalore,311,31,Medium
2025-01-23,Mumbai,269,36,Medium
2025-01-23,Chennai,492,11,High
2025-01-23,Ahmedabad,297,32,Medium
2025-01-23,Hyderabad,208,42,Medium
2025-01-23,Lucknow,379,23,High
2025-01-23,Shimla,91,55,Low
2025-01-24,Delhi,553,10,High
2025-01-24,Bangalore,347,27,Medium
2025-01-24,Mumbai,278,35,Medium
2025-01-24,Chennai,384,23,High
2025-01-24,Ahmedabad,346,27,Medium
2025-01-24,Hyderabad,475,13,High
2025-01-24,Lucknow,212,42,Medium
2025-01-24,Shimla,119,52,Low
2025-01-25,Delhi,297,32,Medium
2025-01-25,Bangalore,353,26,High
2025-01-25,Mumbai,333,28,Medium
2025-01-25,Chennai,392,22,High
2025-01-25,Ahmedabad,267,36,Medium
2025-01-25,Hyderabad,247,38,Medium
2025-01-25,Lucknow,278,35,Medium
2025-01-25,Shimla,122,52,Low
2025-01-26,Delhi,575,10,High
2025-01-26,Bangalore,156,48,Medium
2025-01-26,Mumbai,609,10,High
2025-01-26,Chennai,329,29,Medium
2025-01-26,Ahmedabad,378,23,High
2025-01-26,Hyderabad,423,18,High
2025-01-26,Lucknow,304,32,Medium
2025-01-26,Shimla,58,59,Low
2025-01-27,Delhi,506,10,High
2025-01-27,Bangalore,319,30,Medium
2025-01-27,Mumbai,515,10,High
2025-01-27,Chennai,450,15,High
2025-01-27,Ahmedabad,354,26,High
2025-01-27,Hyderabad,401,21,High
2025-01-27,Lucknow,398,21,High
2025-01-27,Shimla,127,51,Low
2025-01-28,Delhi,392,22,High
2025-01-28,Bangalore,416,19,High
2025-01-28,Mumbai,290,33,Medium
2025-01-28,Chennai,360,25,High
2025-01-28,Ahmedabad,257,37,Medium
2025-01-28,Hyderabad,395,22,High
2025-01-28,Lucknow,261,36,Medium
2025-01-28,Shimla,93,55,Low
2025-01-29,Delhi,240,39,Medium
2025-01-29,Bangalore,246,38,Medium
2025-01-29,Mumbai,514,10,High
2025-01-29,Chennai,535,10,High
2025-01-29,Ahmedabad,263,36,Medium
2025-01-29,Hyderabad,355,26,High
2025-01-29,Lucknow,348,27,Medium
2025-01-29,Shimla,102,54,Low
2025-01-30,Delhi,338,28,Medium
2025-01-30,Bangalore,246,38,Medium
2025-01-30,Mumbai,478,12,High
2025-01-30,Chennai,249,38,Medium
2025-01-30,Ahmedabad,205,43,Medium
2025-01-30,Hyderabad,270,35,Medium
2025-01-30,Lucknow,245,38,Medium
2025-01-30,Shimla,50,60,Low
2025-01-31,Delhi,368,25,High
2025-01-31,Bangalore,353,26,High
2025-01-31,Mumbai,444,16,High
2025-01-31,Chennai,231,40,Medium
2025-01-31,Ahmedabad,283,34,Medium
2025-01-31,Hyderabad,253,37,Medium
2025-01-31,Lucknow,359,26,High
2025-01-31,Shimla,73,57,Low
2025-02-01,Delhi,391,22,High
2025-02-01,Bangalore,349,27,Medium
2025-02-01,Mumbai,409,20,High
2025-02-01,Chennai,437,17,High
2025-02-01,Ahmedabad,216,41,Medium
2025-02-01,Hyderabad,343,27,Medium
2025-02-01,Lucknow,358,26,High
2025-02-01,Shimla,60,59,Low
2025-02-02,Delhi,513,10,High
2025-02-02,Bangalore,223,41,Medium
2025-02-02,Mumbai,499,10,High
2025-02-02,Chennai,261,36,Medium
2025-02-02,Ahmedabad,228,40,Medium
2025-02-02,Hyderabad,345,27,Medium
2025-02-02,Lucknow,231,40,Medium
2025-02-02,Shimla,67,58,Low
2025-02-03,Delhi,284,34,Medium
2025-02-03,Bangalore,162,47,Medium
2025-02-03,Mumbai,537,10,High
2025-02-03,Chennai,441,16,High
2025-02-03,Ahmedabad,435,17,High
2025-02-03,Hyderabad,258,37,Medium
2025-02-03,Lucknow,219,41,Medium
2025-02-03,Shimla,88,56,Low
2025-02-04,Delhi,502,10,High
2025-02-04,Bangalore,345,27,Medium
2025-02-04,Mumbai,564,10,High
2025-02-04,Chennai,461,14,High
2025-02-04,Ahmedabad,301,32,Medium
2025-02-04,Hyderabad,473,13,High
2025-02-04,Lucknow,381,23,High
2025-02-04,Shimla,116,53,Low
2025-02-05,Delhi,534,10,High
2025-02-05,Bangalore,353,26,High
2025-02-05,Mumbai,525,10,High
2025-02-05,Chennai,377,24,High
2025-02-05,Ahmedabad,378,23,High
2025-02-05,Hyderabad,425,18,High
2025-02-05,Lucknow,213,42,Medium
2025-02-05,Shimla,117,52,Low
2025-02-06,Delhi,335,28,Medium
2025-02-06,Bangalore,232,40,Medium
2025-02-06,Mumbai,426,18,High
2025-02-06,Chennai,501,10,High
2025-02-06,Ahmedabad,440,17,High
2025-02-06,Hyderabad,223,41,Medium
2025-02-06,Lucknow,195,44,Medium
2025-02-06,Shimla,117,52,Low
2025-02-07,Delhi,556,10,High
2025-02-07,Bangalore,424,18,High
2025-02-07,Mumbai,303,32,Medium
2025-02-07,Chennai,348,27,Medium
2025-02-07,Ahmedabad,350,27,High
2025-02-07,Hyderabad,444,16,High
2025-02-07,Lucknow,301,32,Medium
2025-02-07,Shimla,105,54,Low
2025-02-08,Delhi,347,27,Medium
2025-02-08,Bangalore,418,19,High
2025-02-08,Mumbai,528,10,High
2025-02-08,Chennai,226,40,Medium
2025-02-08,Ahmedabad,324,29,Medium
2025-02-08,Hyderabad,234,39,Medium
2025-02-08,Lucknow,370,24,High
2025-02-08,Shimla,159,48,Medium
2025-02-09,Delhi,569,10,High
2025-02-09,Bangalore,449,16,High
2025-02-09,Mumbai,310,31,Medium
2025-02-09,Chennai,513,10,High
2025-02-09,Ahmedabad,339,28,Medium
2025-02-09,Hyderabad,189,44,Medium
2025-02-09,Lucknow,408,20,High
2025-02-09,Shimla,88,56,Low
2025-02-10,Delhi,325,29,Medium
2025-02-10,Bangalore,290,33,Medium
2025-02-10,Mumbai,650,10,High
2025-02-10,Chennai,312,31,Medium
2025-02-10,Ahmedabad,452,15,High
2025-02-10,Hyderabad,322,30,Medium
2025-02-10,Lucknow,312,31,Medium
2025-02-10,Shimla,190,44,Medium
2025-02-11,Delhi,271,35,Medium
2025-02-11,Bangalore,185,45,Medium
2025-02-11,Mumbai,274,35,Medium
2025-02-11,Chennai,232,40,Medium
2025-02-11,Ahmedabad,453,15,High
2025-02-11,Hyderabad,290,33,Medium
2025-02-11,Lucknow,365,25,High
2025-02-11,Shimla,160,48,Medium
2025-02-12,Delhi,315,30,Medium
2025-02-12,Bangalore,220,41,Medium
2025-02-12,Mumbai,391,22,High
2025-02-12,Chennai,308,31,Medium
2025-02-12,Ahmedabad,394,22,High
2025-02-12,Hyderabad,402,21,High
2025-02-12,Lucknow,151,49,Medium
2025-02-12,Shimla,167,47,Medium
2025-02-13,Delhi,524,10,High
2025-02-13,Bangalore,212,42,Medium
2025-02-13,Mumbai,628,10,High
2025-02-13,Chennai,230,40,Medium
2025-02-13,Ahmedabad,392,22,High
2025-02-13,Hyderabad,302,32,Medium
2025-02-13,Lucknow,418,19,High
2025-02-13,Shimla,163,47,Medium
2025-02-14,Delhi,569,10,High
2025-02-14,Bangalore,376,24,High
2025-02-14,Mumbai,587,10,High
2025-02-14,Chennai,352,26,High
2025-02-14,Ahmedabad,391,22,High
2025-02-14,Hyderabad,288,33,Medium
2025-02-14,Lucknow,245,38,Medium
2025-02-14,Shimla,136,50,Low
2025-02-15,Delhi,458,15,High
2025-02-15,Bangalore,417,19,High
2025-02-15,Mumbai,583,10,High
2025-02-15,Chennai,349,27,Medium
2025-02-15,Ahmedabad,409,20,High
2025-02-15,Hyderabad,211,42,Medium
2025-02-15,Lucknow,169,47,Medium
2025-02-15,Shimla,129,51,Low
2025-02-16,Delhi,500,10,High
2025-02-16,Bangalore,295,33,Medium
2025-02-16,Mumbai,414,19,High
2025-02-16,Chennai,496,10,High
2025-02-16,Ahmedabad,266,36,Medium
2025-02-16,Hyderabad,213,42,Medium
2025-02-16,Lucknow,329,29,Medium
2025-02-16,Shimla,89,56,Low
2025-02-17,Delhi,590,10,High
2025-02-17,Bangalore,442,16,High
2025-02-17,Mumbai,627,10,High
2025-02-17,Chennai,374,24,High
2025-02-17,Ahmedabad,377,24,High
2025-02-17,Hyderabad,357,26,High
2025-02-17,Lucknow,387,22,High
2025-02-17,Shimla,128,51,Low
2025-02-18,Delhi,318,30,Medium
2025-02-18,Bangalore,216,41,Medium
2025-02-18,Mumbai,442,16,High
2025-02-18,Chennai,509,10,High
2025-02-18,Ahmedabad,240,39,Medium
2025-02-18,Hyderabad,254,37,Medium
2025-02-18,Lucknow,325,29,Medium
2025-02-18,Shimla,55,59,Low
2025-02-19,Delhi,430,18,High
2025-02-19,Bangalore,390,22,High
2025-02-19,Mumbai,583,10,High
2025-02-19,Chennai,383,23,High
2025-02-19,Ahmedabad,303,32,Medium
2025-02-19,Hyderabad,462,14,High
2025-02-19,Lucknow,237,39,Medium
2025-02-19,Shimla,156,48,Medium
2025-02-20,Delhi,289,33,Medium
2025-02-20,Bangalore,273,35,Medium
2025-02-20,Mumbai,291,33,Medium
2025-02-20,Chennai,456,15,High
2025-02-20,Ahmedabad,350,27,High
2025-02-20,Hyderabad,193,44,Medium
2025-02-20,Lucknow,386,23,High
2025-02-20,Shimla,160,48,Medium
2025-02-21,Delhi,322,30,Medium
2025-02-21,Bangalore,442,16,High
2025-02-21,Mumbai,440,17,High
2025-02-21,Chennai,451,15,High
2025-02-21,Ahmedabad,252,37,Medium
2025-02-21,Hyderabad,226,40,Medium
2025-02-21,Lucknow,324,29,Medium
2025-02-21,Shimla,155,48,Medium
2025-02-22,Delhi,215,42,Medium
2025-02-22,Bangalore,329,29,Medium
2025-02-22,Mumbai,471,13,High
2025-02-22,Chennai,359,26,High
2025-02-22,Ahmedabad,228,40,Medium
2025-02-22,Hyderabad,303,32,Medium
2025-02-22,Lucknow,284,34,Medium
2025-02-22,Shimla,116,53,Low
2025-02-23,Delhi,237,39,Medium
2025-02-23,Bangalore,245,38,Medium
2025-02-23,Mumbai,553,10,High
2025-02-23,Chennai,524,10,High
2025-02-23,Ahmedabad,388,22,High
2025-02-23,Hyderabad,478,12,High
2025-02-23,Lucknow,280,34,Medium
2025-02-23,Shimla,187,45,Medium
2025-02-24,Delhi,519,10,High
2025-02-24,Bangalore,322,30,Medium
2025-02-24,Mumbai,363,25,High
2025-02-24,Chennai,468,13,High
2025-02-24,Ahmedabad,445,16,High
2025-02-24,Hyderabad,417,19,High
2025-02-24,Lucknow,328,29,Medium
2025-02-24,Shimla,151,49,Medium
2025-02-25,Delhi,233,40,Medium
2025-02-25,Bangalore,227,40,Medium
2025-02-25,Mumbai,538,10,High
2025-02-25,Chennai,475,13,High
2025-02-25,Ahmedabad,409,20,High
2025-02-25,Hyderabad,471,13,High
2025-02-25,Lucknow,361,25,High
2025-02-25,Shimla,172,46,Medium
2025-02-26,Delhi,533,10,High
2025-02-26,Bangalore,371,24,High
2025-02-26,Mumbai,257,37,Medium
2025-02-26,Chennai,276,35,Medium
2025-02-26,Ahmedabad,490,11,High
2025-02-26,Hyderabad,387,22,High
2025-02-26,Lucknow,310,31,Medium
2025-02-26,Shimla,172,46,Medium
2025-02-27,Delhi,375,24,High
2025-02-27,Bangalore,177,46,Medium
2025-02-27,Mumbai,450,15,High
2025-02-27,Chennai,329,29,Medium
2025-02-27,Ahmedabad,285,34,Medium
2025-02-27,Hyderabad,301,32,Medium
2025-02-27,Lucknow,341,28,Medium
2025-02-27,Shimla,86,56,Low
2025-02-28,Delhi,552,10,High
2025-02-28,Bangalore,248,38,Medium
2025-02-28,Mumbai,562,10,High
2025-02-28,Chennai,311,31,Medium
2025-02-28,Ahmedabad,180,45,Medium
2025-02-28,Hyderabad,388,22,High
2025-02-28,Lucknow,331,29,Medium
2025-02-28,Shimla,176,46,Medium
2025-03-01,Delhi,267,36,Medium
2025-03-01,Bangalore,239,39,Medium
2025-03-01,Mumbai,455,15,High
2025-03-01,Chennai,308,31,Medium
2025-03-01,Ahmedabad,300,32,Medium
2025-03-01,Hyderabad,203,43,Medium
2025-03-01,Lucknow,416,19,High
2025-03-01,Shimla,171,46,Medium
2025-03-02,Delhi,590,10,High
2025-03-02,Bangalore,274,35,Medium
2025-03-02,Mumbai,614,10,High
2025-03-02,Chennai,455,15,High
2025-03-02,Ahmedabad,366,25,High
2025-03-02,Hyderabad,325,29,Medium
2025-03-02,Lucknow,238,39,Medium
2025-03-02,Shimla,134,51,Low
2025-03-03,Delhi,402,21,High
2025-03-03,Bangalore,193,44,Medium
2025-03-03,Mumbai,266,36,Medium
2025-03-03,Chennai,200,43,Medium
2025-03-03,Ahmedabad,233,40,Medium
2025-03-03,Hyderabad,447,16,High
2025-03-03,Lucknow,224,41,Medium
2025-03-03,Shimla,132,51,Low
2025-03-04,Delhi,547,10,High
2025-03-04,Bangalore,450,15,High
2025-03-04,Mumbai,634,10,High
2025-03-04,Chennai,227,40,Medium
2025-03-04,Ahmedabad,213,42,Medium
2025-03-04,Hyderabad,307,31,Medium
2025-03-04,Lucknow,409,20,High
2025-03-04,Shimla,159,48,Medium
2025-03-05,Delhi,394,22,High
2025-03-05,Bangalore,308,31,Medium
2025-03-05,Mumbai,485,12,High
2025-03-05,Chennai,417,19,High
2025-03-05,Ahmedabad,423,18,High
2025-03-05,Hyderabad,480,12,High
2025-03-05,Lucknow,403,21,High
2025-03-05,Shimla,172,46,Medium
2025-03-06,Delhi,495,10,High
2025-03-06,Bangalore,372,24,High
2025-03-06,Mumbai,515,10,High
2025-03-06,Chennai,329,29,Medium
2025-03-06,Ahmedabad,182,45,Medium
2025-03-06,Hyderabad,324,29,Medium
2025-03-06,Lucknow,363,25,High
2025-03-06,Shimla,200,43,Medium
2025-03-07,Delhi,413,20,High
2025-03-07,Bangalore,210,42,Medium
2025-03-07,Mumbai,557,10,High
2025-03-07,Chennai,505,10,High
2025-03-07,Ahmedabad,435,17,High
2025-03-07,Hyderabad,282,34,Medium
2025-03-07,Lucknow,188,45,Medium
2025-03-07,Shimla,157,48,Medium
2025-03-08,Delhi,311,31,Medium
2025-03-08,Bangalore,392,22,High
2025-03-08,Mumbai,251,38,Medium
2025-03-08,Chennai,306,31,Medium
2025-03-08,Ahmedabad,363,25,High
2025-03-08,Hyderabad,323,30,Medium
2025-03-08,Lucknow,164,47,Medium
2025-03-08,Shimla,93,55,Low
2025-03-09,Delhi,410,20,High
2025-03-09,Bangalore,320,30,Medium
2025-03-09,Mumbai,518,10,High
2025-03-09,Chennai,412,20,High
2025-03-09,Ahmedabad,188,45,Medium
2025-03-09,Hyderabad,460,14,High
2025-03-09,Lucknow,265,36,Medium
2025-03-09,Shimla,168,47,Medium
2025-03-10,Delhi,284,34,Medium
2025-03-10,Bangalore,184,45,Medium
2025-03-10,Mumbai,610,10,High
2025-03-10,Chennai,249,38,Medium
2025-03-10,Ahmedabad,351,26,High
2025-03-10,Hyderabad,361,25,High
2025-03-10,Lucknow,349,27,Medium
2025-03-10,Shimla,150,49,Medium
2025-03-11,Delhi,549,10,High
2025-03-11,Bangalore,325,29,Medium
2025-03-11,Mumbai,383,23,High
2025-03-11,Chennai,425,18,High
2025-03-11,Ahmedabad,246,38,Medium
2025-03-11,Hyderabad,346,27,Medium
2025-03-11,Lucknow,294,33,Medium
2025-03-11,Shimla,85,56,Low
2025-03-12,Delhi,413,20,High
2025-03-12,Bangalore,158,48,Medium
2025-03-12,Mumbai,357,26,High
2025-03-12,Chennai,299,32,Medium
2025-03-12,Ahmedabad,264,36,Medium
2025-03-12,Hyderabad,469,13,High
2025-03-12,Lucknow,372,24,High
2025-03-12,Shimla,77,57,Low
2025-03-13,Delhi,247,38,Medium
2025-03-13,Bangalore,431,18,High
2025-03-13,Mumbai,342,27,Medium
2025-03-13,Chennai,449,16,High
2025-03-13,Ahmedabad,404,21,High
2025-03-13,Hyderabad,239,39,Medium
2025-03-13,Lucknow,381,23,High
2025-03-13,Shimla,72,57,Low
2025-03-14,Delhi,419,19,High
2025-03-14,Bangalore,280,34,Medium
2025-03-14,Mumbai,578,10,High
2025-03-14,Chennai,387,22,High
2025-03-14,Ahmedabad,479,12,High
2025-03-14,Hyderabad,467,14,High
2025-03-14,Lucknow,197,44,Medium
2025-03-14,Shimla,193,44,Medium
2025-03-15,Delhi,514,10,High
2025-03-15,Bangalore,179,46,Medium
2025-03-15,Mumbai,405,20,High
2025-03-15,Chennai,463,14,High
2025-03-15,Ahmedabad,460,14,High
2025-03-15,Hyderabad,465,14,High
2025-03-15,Lucknow,209,42,Medium
2025-03-15,Shimla,115,53,Low
2025-03-16,Delhi,505,10,High
2025-03-16,Bangalore,351,26,High
2025-03-16,Mumbai,478,12,High
2025-03-16,Chennai,360,25,High
2025-03-16,Ahmedabad,187,45,Medium
2025-03-16,Hyderabad,452,15,High
2025-03-16,Lucknow,257,37,Medium
2025-03-16,Shimla,138,50,Low
2025-03-17,Delhi,409,20,High
2025-03-17,Bangalore,154,48,Medium
2025-03-17,Mumbai,548,10,High
2025-03-17,Chennai,272,35,Medium
2025-03-17,Ahmedabad,255,37,Medium
2025-03-17,Hyderabad,458,15,High
2025-03-17,Lucknow,272,35,Medium
2025-03-17,Shimla,84,56,Low
2025-03-18,Delhi,213,42,Medium
2025-03-18,Bangalore,232,40,Medium
2025-03-18,Mumbai,436,17,High
2025-03-18,Chennai,334,28,Medium
2025-03-18,Ahmedabad,226,40,Medium
2025-03-18,Hyderabad,316,30,Medium
2025-03-18,Lucknow,275,35,Medium
2025-03-18,Shimla,190,44,Medium
2025-03-19,Delhi,324,29,Medium
2025-03-19,Bangalore,448,16,High
2025-03-19,Mumbai,399,21,High
2025-03-19,Chennai,271,35,Medium
2025-03-19,Ahmedabad,449,16,High
2025-03-19,Hyderabad,205,43,Medium
2025-03-19,Lucknow,225,40,Medium
2025-03-19,Shimla,134,51,Low
2025-03-20,Delhi,339,28,Medium
2025-03-20,Bangalore,383,23,High
2025-03-20,Mumbai,640,10,High
2025-03-20,Chennai,447,16,High
2025-03-20,Ahmedabad,264,36,Medium
2025-03-20,Hyderabad,417,19,High
2025-03-20,Lucknow,237,39,Medium
2025-03-20,Shimla,131,51,Low
2025-03-21,Delhi,227,40,Medium
2025-03-21,Bangalore,293,33,Medium
2025-03-21,Mumbai,320,30,Medium
2025-03-21,Chennai,349,27,Medium
2025-03-21,Ahmedabad,363,25,High
2025-03-21,Hyderabad,199,43,Medium
2025-03-21,Lucknow,268,36,Medium
2025-03-21,Shimla,56,59,Low
2025-03-22,Delhi,413,20,High
2025-03-22,Bangalore,273,35,Medium
2025-03-22,Mumbai,552,10,High
2025-03-22,Chennai,535,10,High
2025-03-22,Ahmedabad,381,23,High
2025-03-22,Hyderabad,333,28,Medium
2025-03-22,Lucknow,187,45,Medium
2025-03-22,Shimla,128,51,Low
2025-03-23,Delhi,442,16,High
2025-03-23,Bangalore,386,23,High
2025-03-23,Mumbai,534,10,High
2025-03-23,Chennai,227,40,Medium
2025-03-23,Ahmedabad,442,16,High
2025-03-23,Hyderabad,421,19,High
2025-03-23,Lucknow,337,28,Medium
2025-03-23,Shimla,123,52,Low
2025-03-24,Delhi,336,28,Medium
2025-03-24,Bangalore,416,19,High
2025-03-24,Mumbai,483,12,High
2025-03-24,Chennai,526,10,High
2025-03-24,Ahmedabad,314,31,Medium
2025-03-24,Hyderabad,236,39,Medium
2025-03-24,Lucknow,238,39,Medium
2025-03-24,Shimla,195,44,Medium
2025-03-25,Delhi,519,10,High
2025-03-25,Bangalore,374,24,High
2025-03-25,Mumbai,307,31,Medium
2025-03-25,Chennai,262,36,Medium
2025-03-25,Ahmedabad,385,23,High
2025-03-25,Hyderabad,419,19,High
2025-03-25,Lucknow,213,42,Medium
2025-03-25,Shimla,156,48,Medium
2025-03-26,Delhi,294,33,Medium
2025-03-26,Bangalore,243,38,Medium
2025-03-26,Mumbai,253,37,Medium
2025-03-26,Chennai,261,36,Medium
2025-03-26,Ahmedabad,312,31,Medium
2025-03-26,Hyderabad,461,14,High
2025-03-26,Lucknow,258,37,Medium
2025-03-26,Shimla,147,49,Low
2025-03-27,Delhi,469,13,High
2025-03-27,Bangalore,293,33,Medium
2025-03-27,Mumbai,628,10,High
2025-03-27,Chennai,260,37,Medium
2025-03-27,Ahmedabad,235,39,Medium
2025-03-27,Hyderabad,230,40,Medium
2025-03-27,Lucknow,217,41,Medium
2025-03-27,Shimla,71,58,Low
2025-03-28,Delhi,422,19,High
2025-03-28,Bangalore,266,36,Medium
2025-03-28,Mumbai,497,10,High
2025-03-28,Chennai,287,34,Medium
2025-03-28,Ahmedabad,487,11,High
2025-03-28,Hyderabad,217,41,Medium
2025-03-28,Lucknow,223,41,Medium
2025-03-28,Shimla,61,59,Low
2025-03-29,Delhi,546,10,High
2025-03-29,Bangalore,371,24,High
2025-03-29,Mumbai,373,24,High
2025-03-29,Chennai,211,42,Medium
2025-03-29,Ahmedabad,400,21,High
2025-03-29,Hyderabad,435,17,High
2025-03-29,Lucknow,349,27,Medium
2025-03-29,Shimla,163,47,Medium
2025-03-30,Delhi,457,15,High
2025-03-30,Bangalore,208,42,Medium
2025-03-30,Mumbai,491,11,High
2025-03-30,Chennai,247,38,Medium
2025-03-30,Ahmedabad,393,22,High
2025-03-30,Hyderabad,404,21,High
2025-03-30,Lucknow,363,25,High
2025-03-30,Shimla,178,46,Medium
2025-03-31,Delhi,466,14,High
2025-03-31,Bangalore,413,20,High
2025-03-31,Mumbai,446,16,High
2025-03-31,Chennai,343,27,Medium
2025-03-31,Ahmedabad,267,36,Medium
2025-03-31,Hyderabad,318,30,Medium
2025-03-31,Lucknow,294,33,Medium
2025-03-31,Shimla,109,53,Low
2025-04-01,Delhi,303,32,Medium
2025-04-01,Bangalore,230,40,Medium
2025-04-01,Mumbai,334,28,Medium
2025-04-01,Chennai,332,29,Medium
2025-04-01,Ahmedabad,356,26,High
2025-04-01,Hyderabad,299,32,Medium
2025-04-01,Lucknow,385,23,High
2025-04-01,Shimla,131,51,Low
2025-04-02,Delhi,494,11,High
2025-04-02,Bangalore,163,47,Medium
2025-04-02,Mumbai,375,24,High
2025-04-02,Chennai,352,26,High
2025-04-02,Ahmedabad,297,32,Medium
2025-04-02,Hyderabad,399,21,High
2025-04-02,Lucknow,163,47,Medium
2025-04-02,Shimla,94,55,Low
2025-04-03,Delhi,549,10,High
2025-04-03,Bangalore,190,44,Medium
2025-04-03,Mumbai,421,19,High
2025-04-03,Chennai,421,19,High
2025-04-03,Ahmedabad,428,18,High
2025-04-03,Hyderabad,321,30,Medium
2025-04-03,Lucknow,246,38,Medium
2025-04-03,Shimla,129,51,Low
2025-04-04,Delhi,585,10,High
2025-04-04,Bangalore,344,27,Medium
2025-04-04,Mumbai,303,32,Medium
2025-04-04,Chennai,542,10,High
2025-04-04,Ahmedabad,222,41,Medium
2025-04-04,Hyderabad,350,27,High
2025-04-04,Lucknow,254,37,Medium
2025-04-04,Shimla,163,47,Medium
2025-04-05,Delhi,454,15,High
2025-04-05,Bangalore,426,18,High
2025-04-05,Mumbai,256,37,Medium
2025-04-05,Chennai,228,40,Medium
2025-04-05,Ahmedabad,200,43,Medium
2025-04-05,Hyderabad,267,36,Medium
2025-04-05,Lucknow,189,44,Medium
2025-04-05,Shimla,188,45,Medium
2025-04-06,Delhi,425,18,High
2025-04-06,Bangalore,307,31,Medium
2025-04-06,Mumbai,272,35,Medium
2025-04-06,Chennai,276,35,Medium
2025-04-06,Ahmedabad,442,16,High
2025-04-06,Hyderabad,380,23,High
2025-04-06,Lucknow,257,37,Medium
2025-04-06,Shimla,145,49,Low
2025-04-07,Delhi,262,36,Medium
2025-04-07,Bangalore,246,38,Medium
2025-04-07,Mumbai,497,10,High
2025-04-07,Chennai,241,39,Medium
2025-04-07,Ahmedabad,242,39,Medium
2025-04-07,Hyderabad,398,21,High
2025-04-07,Lucknow,179,46,Medium
2025-04-07,Shimla,52,60,Low
2025-04-08,Delhi,380,23,High
2025-04-08,Bangalore,295,33,Medium
2025-04-08,Mumbai,436,17,High
2025-04-08,Chennai,289,33,Medium
2025-04-08,Ahmedabad,348,27,Medium
2025-04-08,Hyderabad,311,31,Medium
2025-04-08,Lucknow,370,24,High
2025-04-08,Shimla,145,49,Low
2025-04-09,Delhi,532,10,High
2025-04-09,Bangalore,306,31,Medium
2025-04-09,Mumbai,577,10,High
2025-04-09,Chennai,378,23,High
2025-04-09,Ahmedabad,340,28,Medium
2025-04-09,Hyderabad,303,32,Medium
2025-04-09,Lucknow,205,43,Medium
2025-04-09,Shimla,82,56,Low
2025-04-10,Delhi,409,20,High
2025-04-10,Bangalore,220,41,Medium
2025-04-10,Mumbai,555,10,High
2025-04-10,Chennai,298,32,Medium
2025-04-10,Ahmedabad,383,23,High
2025-04-10,Hyderabad,398,21,High
2025-04-10,Lucknow,245,38,Medium
2025-04-10,Shimla,89,56,Low
2025-04-11,Delhi,205,43,Medium
2025-04-11,Bangalore,402,21,High
2025-04-11,Mumbai,533,10,High
2025-04-11,Chennai,232,40,Medium
2025-04-11,Ahmedabad,223,41,Medium
2025-04-11,Hyderabad,195,44,Medium
2025-04-11,Lucknow,397,21,High
2025-04-11,Shimla,162,47,Medium
2025-04-12,Delhi,235,39,Medium
2025-04-12,Bangalore,279,34,Medium
2025-04-12,Mumbai,397,21,High
2025-04-12,Chennai,329,29,Medium
2025-04-12,Ahmedabad,285,34,Medium
2025-04-12,Hyderabad,242,39,Medium
2025-04-12,Lucknow,382,23,High
2025-04-12,Shimla,120,52,Low
2025-04-13,Delhi,546,10,High
2025-04-13,Bangalore,169,47,Medium
2025-04-13,Mumbai,486,11,High
2025-04-13,Chennai,449,16,High
2025-04-13,Ahmedabad,273,35,Medium
2025-04-13,Hyderabad,439,17,High
2025-04-13,Lucknow,274,35,Medium
2025-04-13,Shimla,131,51,Low
2025-04-14,Delhi,559,10,High
2025-04-14,Bangalore,431,18,High
2025-04-14,Mumbai,610,10,High
2025-04-14,Chennai,403,21,High
2025-04-14,Ahmedabad,212,42,Medium
2025-04-14,Hyderabad,404,21,High
2025-04-14,Lucknow,189,44,Medium
2025-04-14,Shimla,181,45,Medium
2025-04-15,Delhi,223,41,Medium
2025-04-15,Bangalore,420,19,High
2025-04-15,Mumbai,347,27,Medium
2025-04-15,Chennai,315,30,Medium
2025-04-15,Ahmedabad,352,26,High
2025-04-15,Hyderabad,330,29,Medium
2025-04-15,Lucknow,193,44,Medium
2025-04-15,Shimla,172,46,Medium
2025-04-16,Delhi,430,18,High
2025-04-16,Bangalore,303,32,Medium
2025-04-16,Mumbai,263,36,Medium
2025-04-16,Chennai,357,26,High
2025-04-16,Ahmedabad,337,28,Medium
2025-04-16,Hyderabad,362,25,High
2025-04-16,Lucknow,224,41,Medium
2025-04-16,Shimla,157,48,Medium
2025-04-17,Delhi,205,43,Medium
2025-04-17,Bangalore,240,39,Medium
2025-04-17,Mumbai,416,19,High
2025-04-17,Chennai,202,43,Medium
2025-04-17,Ahmedabad,321,30,Medium
2025-04-17,Hyderabad,397,21,High
2025-04-17,Lucknow,227,40,Medium
2025-04-17,Shimla,54,59,Low
2025-04-18,Delhi,229,40,Medium
2025-04-18,Bangalore,342,27,Medium
2025-04-18,Mumbai,505,10,High
2025-04-18,Chennai,234,39,Medium
2025-04-18,Ahmedabad,261,36,Medium
2025-04-18,Hyderabad,401,21,High
2025-04-18,Lucknow,302,32,Medium
2025-04-18,Shimla,193,44,Medium
2025-04-19,Delhi,257,37,Medium
2025-04-19,Bangalore,403,21,High
2025-04-19,Mumbai,365,25,High
2025-04-19,Chennai,541,10,High
2025-04-19,Ahmedabad,457,15,High
2025-04-19,Hyderabad,256,37,Medium
2025-04-19,Lucknow,167,47,Medium
2025-04-19,Shimla,111,53,Low
2025-04-20,Delhi,558,10,High
2025-04-20,Bangalore,233,40,Medium
2025-04-20,Mumbai,276,35,Medium
2025-04-20,Chennai,233,40,Medium
2025-04-20,Ahmedabad,493,11,High
2025-04-20,Hyderabad,318,30,Medium
2025-04-20,Lucknow,304,32,Medium
2025-04-20,Shimla,114,53,Low
2025-04-21,Delhi,410,20,High
2025-04-21,Bangalore,259,37,Medium
2025-04-21,Mumbai,563,10,High
2025-04-21,Chennai,211,42,Medium
2025-04-21,Ahmedabad,411,20,High
2025-04-21,Hyderabad,223,41,Medium
2025-04-21,Lucknow,368,25,High
2025-04-21,Shimla,64,58,Low
2025-04-22,Delhi,421,19,High
2025-04-22,Bangalore,159,48,Medium
2025-04-22,Mumbai,256,37,Medium
2025-04-22,Chennai,453,15,High
2025-04-22,Ahmedabad,417,19,High
2025-04-22,Hyderabad,188,45,Medium
2025-04-22,Lucknow,339,28,Medium
2025-04-22,Shimla,158,48,Medium
2025-04-23,Delhi,351,26,High
2025-04-23,Bangalore,372,24,High
2025-04-23,Mumbai,646,10,High
2025-04-23,Chennai,414,19,High
2025-04-23,Ahmedabad,452,15,High
2025-04-23,Hyderabad,305,32,Medium
2025-04-23,Lucknow,418,19,High
2025-04-23,Shimla,98,55,Low
2025-04-24,Delhi,562,10,High
2025-04-24,Bangalore,193,44,Medium
2025-04-24,Mumbai,463,14,High
2025-04-24,Chennai,477,12,High
2025-04-24,Ahmedabad,489,11,High
2025-04-24,Hyderabad,463,14,High
2025-04-24,Lucknow,298,32,Medium
2025-04-24,Shimla,78,57,Low
2025-04-25,Delhi,515,10,High
2025-04-25,Bangalore,414,19,High
2025-04-25,Mumbai,338,28,Medium
2025-04-25,Chennai,353,26,High
2025-04-25,Ahmedabad,235,39,Medium
2025-04-25,Hyderabad,288,33,Medium
2025-04-25,Lucknow,269,36,Medium
2025-04-25,Shimla,61,59,Low
2025-04-26,Delhi,510,10,High
2025-04-26,Bangalore,321,30,Medium
2025-04-26,Mumbai,258,37,Medium
2025-04-26,Chennai,450,15,High
2025-04-26,Ahmedabad,310,31,Medium
2025-04-26,Hyderabad,396,21,High
2025-04-26,Lucknow,191,44,Medium
2025-04-26,Shimla,113,53,Low
2025-04-27,Delhi,269,36,Medium
2025-04-27,Bangalore,365,25,High
2025-04-27,Mumbai,423,18,High
2025-04-27,Chennai,210,42,Medium
2025-04-27,Ahmedabad,405,20,High
2025-04-27,Hyderabad,358,26,High
2025-04-27,Lucknow,293,33,Medium
2025-04-27,Shimla,65,58,Low
2025-04-28,Delhi,383,23,High
2025-04-28,Bangalore,195,44,Medium
2025-04-28,Mumbai,256,37,Medium
2025-04-28,Chennai,486,11,High
2025-04-28,Ahmedabad,355,26,High
2025-04-28,Hyderabad,268,36,Medium
2025-04-28,Lucknow,238,39,Medium
2025-04-28,Shimla,124,52,Low
2025-04-29,Delhi,274,35,Medium
2025-04-29,Bangalore,279,34,Medium
2025-04-29,Mumbai,321,30,Medium
2025-04-29,Chennai,474,13,High
2025-04-29,Ahmedabad,361,25,High
2025-04-29,Hyderabad,255,37,Medium
2025-04-29,Lucknow,197,44,Medium
2025-04-29,Shimla,102,54,Low
2025-04-30,Delhi,307,31,Medium
2025-04-30,Bangalore,373,24,High
2025-04-30,Mumbai,449,16,High
2025-04-30,Chennai,532,10,High
2025-04-30,Ahmedabad,239,39,Medium
2025-04-30,Hyderabad,180,45,Medium
2025-04-30,Lucknow,233,40,Medium
2025-04-30,Shimla,114,53,Low
2025-05-01,Delhi,228,40,Medium
2025-05-01,Bangalore,215,42,Medium
2025-05-01,Mumbai,261,36,Medium
2025-05-01,Chennai,483,12,High
2025-05-01,Ahmedabad,282,34,Medium
2025-05-01,Hyderabad,301,32,Medium
2025-05-01,Lucknow,197,44,Medium
2025-05-01,Shimla,56,59,Low
2025-05-02,Delhi,457,15,High
2025-05-02,Bangalore,313,31,Medium
2025-05-02,Mumbai,357,26,High
2025-05-02,Chennai,224,41,Medium
2025-05-02,Ahmedabad,264,36,Medium
2025-05-02,Hyderabad,467,14,High
2025-05-02,Lucknow,280,34,Medium
2025-05-02,Shimla,152,49,Medium
2025-05-03,Delhi,273,35,Medium
2025-05-03,Bangalore,194,44,Medium
2025-05-03,Mumbai,340,28,Medium
2025-05-03,Chennai,245,38,Medium
2025-05-03,Ahmedabad,254,37,Medium
2025-05-03,Hyderabad,342,27,Medium
2025-05-03,Lucknow,327,29,Medium
2025-05-03,Shimla,177,46,Medium
2025-05-04,Delhi,415,19,High
2025-05-04,Bangalore,383,23,High
2025-05-04,Mumbai,433,17,High
2025-05-04,Chennai,441,16,High
2025-05-04,Ahmedabad,486,11,High
2025-05-04,Hyderabad,286,34,Medium
2025-05-04,Lucknow,399,21,High
2025-05-04,Shimla,189,44,Medium
2025-05-05,Delhi,332,29,Medium
2025-05-05,Bangalore,326,29,Medium
2025-05-05,Mumbai,642,10,High
2025-05-05,Chennai,486,11,High
2025-05-05,Ahmedabad,252,37,Medium
2025-05-05,Hyderabad,257,37,Medium
2025-05-05,Lucknow,195,44,Medium
2025-05-05,Shimla,196,44,Medium
2025-05-06,Delhi,505,10,High
2025-05-06,Bangalore,441,16,High
2025-05-06,Mumbai,605,10,High
2025-05-06,Chennai,234,39,Medium
2025-05-06,Ahmedabad,353,26,High
2025-05-06,Hyderabad,453,15,High
2025-05-06,Lucknow,167,47,Medium
2025-05-06,Shimla,133,51,Low
2025-05-07,Delhi,313,31,Medium
2025-05-07,Bangalore,173,46,Medium
2025-05-07,Mumbai,262,36,Medium
2025-05-07,Chennai,227,40,Medium
2025-05-07,Ahmedabad,380,23,High
2025-05-07,Hyderabad,315,30,Medium
2025-05-07,Lucknow,317,30,Medium
2025-05-07,Shimla,79,57,Low
2025-05-08,Delhi,362,25,High
2025-05-08,Bangalore,351,26,High
2025-05-08,Mumbai,631,10,High
2025-05-08,Chennai,232,40,Medium
2025-05-08,Ahmedabad,314,31,Medium
2025-05-08,Hyderabad,393,22,High
2025-05-08,Lucknow,360,25,High
2025-05-08,Shimla,97,55,Low
2025-05-09,Delhi,589,10,High
2025-05-09,Bangalore,397,21,High
2025-05-09,Mumbai,615,10,High
2025-05-09,Chennai,415,19,High
2025-05-09,Ahmedabad,184,45,Medium
2025-05-09,Hyderabad,197,44,Medium
2025-05-09,Lucknow,276,35,Medium
2025-05-09,Shimla,104,54,Low
2025-05-10,Delhi,200,43,Medium
2025-05-10,Bangalore,157,48,Medium
2025-05-10,Mumbai,256,37,Medium
2025-05-10,Chennai,279,34,Medium
2025-05-10,Ahmedabad,385,23,High
2025-05-10,Hyderabad,337,28,Medium
2025-05-10,Lucknow,280,34,Medium
2025-05-10,Shimla,137,50,Low
2025-05-11,Delhi,502,10,High
2025-05-11,Bangalore,163,47,Medium
2025-05-11,Mumbai,390,22,High
2025-05-11,Chennai,356,26,High
2025-05-11,Ahmedabad,243,38,Medium
2025-05-11,Hyderabad,234,39,Medium
2025-05-11,Lucknow,315,30,Medium
2025-05-11,Shimla,148,49,Low
2025-05-12,Delhi,487,11,High
2025-05-12,Bangalore,361,25,High
2025-05-12,Mumbai,283,34,Medium
2025-05-12,Chennai,364,25,High
2025-05-12,Ahmedabad,310,31,Medium
2025-05-12,Hyderabad,343,27,Medium
2025-05-12,Lucknow,274,35,Medium
2025-05-12,Shimla,156,48,Medium
2025-05-13,Delhi,435,17,High
2025-05-13,Bangalore,434,17,High
2025-05-13,Mumbai,268,36,Medium
2025-05-13,Chennai,480,12,High
2025-05-13,Ahmedabad,284,34,Medium
2025-05-13,Hyderabad,226,40,Medium
2025-05-13,Lucknow,396,21,High
2025-05-13,Shimla,146,49,Low
2025-05-14,Delhi,481,12,High
2025-05-14,Bangalore,238,39,Medium
2025-05-14,Mumbai,405,20,High
2025-05-14,Chennai,266,36,Medium
2025-05-14,Ahmedabad,235,39,Medium
2025-05-14,Hyderabad,429,18,High
2025-05-14,Lucknow,361,25,High
2025-05-14,Shimla,184,45,Medium
2025-05-15,Delhi,400,21,High
2025-05-15,Bangalore,277,35,Medium
2025-05-15,Mumbai,437,17,High
2025-05-15,Chennai,265,36,Medium
2025-05-15,Ahmedabad,217,41,Medium
2025-05-15,Hyderabad,459,14,High
2025-05-15,Lucknow,279,34,Medium
2025-05-15,Shimla,112,53,Low
2025-05-16,Delhi,532,10,High
2025-05-16,Bangalore,394,22,High
2025-05-16,Mumbai,642,10,High
2025-05-16,Chennai,467,14,High
2025-05-16,Ahmedabad,484,12,High
2025-05-16,Hyderabad,217,41,Medium
2025-05-16,Lucknow,164,47,Medium
2025-05-16,Shimla,172,46,Medium
2025-05-17,Delhi,329,29,Medium
2025-05-17,Bangalore,378,23,High
2025-05-17,Mumbai,600,10,High
2025-05-17,Chennai,426,18,High
2025-05-17,Ahmedabad,405,20,High
2025-05-17,Hyderabad,271,35,Medium
2025-05-17,Lucknow,410,20,High
2025-05-17,Shimla,79,57,Low
2025-05-18,Delhi,451,15,High
2025-05-18,Bangalore,229,40,Medium
2025-05-18,Mumbai,323,30,Medium
2025-05-18,Chennai,461,14,High
2025-05-18,Ahmedabad,313,31,Medium
2025-05-18,Hyderabad,336,28,Medium
2025-05-18,Lucknow,312,31,Medium
2025-05-18,Shimla,162,47,Medium
2025-05-19,Delhi,409,20,High
2025-05-19,Bangalore,247,38,Medium
2025-05-19,Mumbai,372,24,High
2025-05-19,Chennai,241,39,Medium
2025-05-19,Ahmedabad,476,13,High
2025-05-19,Hyderabad,327,29,Medium
2025-05-19,Lucknow,347,27,Medium
2025-05-19,Shimla,61,59,Low
2025-05-20,Delhi,315,30,Medium
2025-05-20,Bangalore,188,45,Medium
2025-05-20,Mumbai,331,29,Medium
2025-05-20,Chennai,360,25,High
2025-05-20,Ahmedabad,257,37,Medium
2025-05-20,Hyderabad,339,28,Medium
2025-05-20,Lucknow,255,37,Medium
2025-05-20,Shimla,132,51,Low
2025-05-21,Delhi,254,37,Medium
2025-05-21,Bangalore,403,21,High
2025-05-21,Mumbai,526,10,High
2025-05-21,Chennai,353,26,High
2025-05-21,Ahmedabad,483,12,High
2025-05-21,Hyderabad,249,38,Medium
2025-05-21,Lucknow,180,45,Medium
2025-05-21,Shimla,156,48,Medium
2025-05-22,Delhi,532,10,High
2025-05-22,Bangalore,207,42,Medium
2025-05-22,Mumbai,309,31,Medium
2025-05-22,Chennai,277,35,Medium
2025-05-22,Ahmedabad,199,43,Medium
2025-05-22,Hyderabad,348,27,Medium
2025-05-22,Lucknow,300,32,Medium
2025-05-22,Shimla,180,45,Medium
2025-05-23,Delhi,537,10,High
2025-05-23,Bangalore,203,43,Medium
2025-05-23,Mumbai,636,10,High
2025-05-23,Chennai,462,14,High
2025-05-23,Ahmedabad,451,15,High
2025-05-23,Hyderabad,348,27,Medium
2025-05-23,Lucknow,338,28,Medium
2025-05-23,Shimla,133,51,Low
2025-05-24,Delhi,441,16,High
2025-05-24,Bangalore,287,34,Medium
2025-05-24,Mumbai,433,17,High
2025-05-24,Chennai,219,41,Medium
2025-05-24,Ahmedabad,387,22,High
2025-05-24,Hyderabad,287,34,Medium
2025-05-24,Lucknow,302,32,Medium
2025-05-24,Shimla,123,52,Low
2025-05-25,Delhi,413,20,High
2025-05-25,Bangalore,198,43,Medium
2025-05-25,Mumbai,280,34,Medium
2025-05-25,Chennai,422,19,High
2025-05-25,Ahmedabad,297,32,Medium
2025-05-25,Hyderabad,214,42,Medium
2025-05-25,Lucknow,385,23,High
2025-05-25,Shimla,161,48,Medium
2025-05-26,Delhi,459,14,High
2025-05-26,Bangalore,198,43,Medium
2025-05-26,Mumbai,593,10,High
2025-05-26,Chennai,478,12,High
2025-05-26,Ahmedabad,181,45,Medium
2025-05-26,Hyderabad,380,23,High
2025-05-26,Lucknow,298,32,Medium
2025-05-26,Shimla,106,54,Low
2025-05-27,Delhi,574,10,High
2025-05-27,Bangalore,264,36,Medium
2025-05-27,Mumbai,292,33,Medium
2025-05-27,Chennai,422,19,High
2025-05-27,Ahmedabad,331,29,Medium
2025-05-27,Hyderabad,351,26,High
2025-05-27,Lucknow,353,26,High
2025-05-27,Shimla,65,58,Low
2025-05-28,Delhi,346,27,Medium
2025-05-28,Bangalore,227,40,Medium
2025-05-28,Mumbai,560,10,High
2025-05-28,Chennai,504,10,High
2025-05-28,Ahmedabad,366,25,High
2025-05-28,Hyderabad,247,38,Medium
2025-05-28,Lucknow,226,40,Medium
2025-05-28,Shimla,97,55,Low
2025-05-29,Delhi,248,38,Medium
2025-05-29,Bangalore,321,30,Medium
2025-05-29,Mumbai,366,25,High
2025-05-29,Chennai,386,23,High
2025-05-29,Ahmedabad,488,11,High
2025-05-29,Hyderabad,376,24,High
2025-05-29,Lucknow,187,45,Medium
2025-05-29,Shimla,110,53,Low
2025-05-30,Delhi,388,22,High
2025-05-30,Bangalore,439,17,High
2025-05-30,Mumbai,463,14,High
2025-05-30,Chennai,540,10,High
2025-05-30,Ahmedabad,347,27,Medium
2025-05-30,Hyderabad,287,34,Medium
2025-05-30,Lucknow,204,43,Medium
2025-05-30,Shimla,87,56,Low
2025-05-31,Delhi,223,41,Medium
2025-05-31,Bangalore,254,37,Medium
2025-05-31,Mumbai,288,33,Medium
2025-05-31,Chennai,446,16,High
2025-05-31,Ahmedabad,450,15,High
2025-05-31,Hyderabad,267,36,Medium
2025-05-31,Lucknow,400,21,High
2025-05-31,Shimla,191,44,Medium
2025-06-01,Delhi,321,30,Medium
2025-06-01,Bangalore,440,17,High
2025-06-01,Mumbai,551,10,High
2025-06-01,Chennai,452,15,High
2025-06-01,Ahmedabad,458,15,High
2025-06-01,Hyderabad,285,34,Medium
2025-06-01,Lucknow,329,29,Medium
2025-06-01,Shimla,185,45,Medium
2025-06-02,Delhi,466,14,High
2025-06-02,Bangalore,439,17,High
2025-06-02,Mumbai,396,21,High
2025-06-02,Chennai,363,25,High
2025-06-02,Ahmedabad,185,45,Medium
2025-06-02,Hyderabad,248,38,Medium
2025-06-02,Lucknow,393,22,High
2025-06-02,Shimla,84,56,Low
2025-06-03,Delhi,293,33,Medium
2025-06-03,Bangalore,408,20,High
2025-06-03,Mumbai,609,10,High
2025-06-03,Chennai,312,31,Medium
2025-06-03,Ahmedabad,376,24,High
2025-06-03,Hyderabad,362,25,High
2025-06-03,Lucknow,204,43,Medium
2025-06-03,Shimla,97,55,Low
2025-06-04,Delhi,369,24,High
2025-06-04,Bangalore,220,41,Medium
2025-06-04,Mumbai,453,15,High
2025-06-04,Chennai,471,13,High
2025-06-04,Ahmedabad,357,26,High
2025-06-04,Hyderabad,342,27,Medium
2025-06-04,Lucknow,151,49,Medium
2025-06-04,Shimla,132,51,Low
2025-06-05,Delhi,351,26,High
2025-06-05,Bangalore,446,16,High
2025-06-05,Mumbai,520,10,High
2025-06-05,Chennai,415,19,High
2025-06-05,Ahmedabad,345,27,Medium
2025-06-05,Hyderabad,419,19,High
2025-06-05,Lucknow,262,36,Medium
2025-06-05,Shimla,100,54,Low
2025-06-06,Delhi,290,33,Medium
2025-06-06,Bangalore,152,49,Medium
2025-06-06,Mumbai,563,10,High
2025-06-06,Chennai,547,10,High
2025-06-06,Ahmedabad,390,22,High
2025-06-06,Hyderabad,383,23,High
2025-06-06,Lucknow,220,41,Medium
2025-06-06,Shimla,178,46,Medium
2025-06-07,Delhi,571,10,High
2025-06-07,Bangalore,294,33,Medium
2025-06-07,Mumbai,566,10,High
2025-06-07,Chennai,314,31,Medium
2025-06-07,Ahmedabad,290,33,Medium
2025-06-07,Hyderabad,339,28,Medium
2025-06-07,Lucknow,195,44,Medium
2025-06-07,Shimla,84,56,Low
2025-06-08,Delhi,421,19,High
2025-06-08,Bangalore,272,35,Medium
2025-06-08,Mumbai,381,23,High
2025-06-08,Chennai,430,18,High
2025-06-08,Ahmedabad,287,34,Medium
2025-06-08,Hyderabad,214,42,Medium
2025-06-08,Lucknow,409,20,High
2025-06-08,Shimla,174,46,Medium
2025-06-09,Delhi,236,39,Medium
2025-06-09,Bangalore,157,48,Medium
2025-06-09,Mumbai,350,27,High
2025-06-09,Chennai,454,15,High
2025-06-09,Ahmedabad,263,36,Medium
2025-06-09,Hyderabad,195,44,Medium
2025-06-09,Lucknow,318,30,Medium
2025-06-09,Shimla,59,59,Low
2025-06-10,Delhi,344,27,Medium
2025-06-10,Bangalore,419,19,High
2025-06-10,Mumbai,457,15,High
2025-06-10,Chennai,417,19,High
2025-06-10,Ahmedabad,283,34,Medium
2025-06-10,Hyderabad,280,34,Medium
2025-06-10,Lucknow,339,28,Medium
2025-06-10,Shimla,58,59,Low
2025-06-11,Delhi,519,10,High
2025-06-11,Bangalore,411,20,High
2025-06-11,Mumbai,435,17,High
2025-06-11,Chennai,338,28,Medium
2025-06-11,Ahmedabad,326,29,Medium
2025-06-11,Hyderabad,441,16,High
2025-06-11,Lucknow,413,20,High
2025-06-11,Shimla,125,52,Low
2025-06-12,Delhi,458,15,High
2025-06-12,Bangalore,220,41,Medium
2025-06-12,Mumbai,544,10,High
2025-06-12,Chennai,361,25,High
2025-06-12,Ahmedabad,464,14,High
2025-06-12,Hyderabad,405,20,High
2025-06-12,Lucknow,188,45,Medium
2025-06-12,Shimla,131,51,Low
2025-06-13,Delhi,359,26,High
2025-06-13,Bangalore,301,32,Medium
2025-06-13,Mumbai,339,28,Medium
2025-06-13,Chennai,389,22,High
2025-06-13,Ahmedabad,282,34,Medium
2025-06-13,Hyderabad,263,36,Medium
2025-06-13,Lucknow,222,41,Medium
2025-06-13,Shimla,177,46,Medium
2025-06-14,Delhi,242,39,Medium
2025-06-14,Bangalore,399,21,High
2025-06-14,Mumbai,568,10,High
2025-06-14,Chennai,344,27,Medium
2025-06-14,Ahmedabad,442,16,High
2025-06-14,Hyderabad,343,27,Medium
2025-06-14,Lucknow,250,38,Medium
2025-06-14,Shimla,105,54,Low
2025-06-15,Delhi,269,36,Medium
2025-06-15,Bangalore,401,21,High
2025-06-15,Mumbai,542,10,High
2025-06-15,Chennai,383,23,High
2025-06-15,Ahmedabad,380,23,High
2025-06-15,Hyderabad,224,41,Medium
2025-06-15,Lucknow,263,36,Medium
2025-06-15,Shimla,114,53,Low
2025-06-16,Delhi,452,15,High
2025-06-16,Bangalore,370,24,High
2025-06-16,Mumbai,334,28,Medium
2025-06-16,Chennai,324,29,Medium
2025-06-16,Ahmedabad,240,39,Medium
2025-06-16,Hyderabad,378,23,High
2025-06-16,Lucknow,271,35,Medium
2025-06-16,Shimla,61,59,Low
2025-06-17,Delhi,424,18,High
2025-06-17,Bangalore,336,28,Medium
2025-06-17,Mumbai,636,10,High
2025-06-17,Chennai,340,28,Medium
2025-06-17,Ahmedabad,242,39,Medium
2025-06-17,Hyderabad,376,24,High
2025-06-17,Lucknow,173,46,Medium
2025-06-17,Shimla,151,49,Medium
2025-06-18,Delhi,587,10,High
2025-06-18,Bangalore,191,44,Medium
2025-06-18,Mumbai,453,15,High
2025-06-18,Chennai,226,40,Medium
2025-06-18,Ahmedabad,451,15,High
2025-06-18,Hyderabad,387,22,High
2025-06-18,Lucknow,339,28,Medium
2025-06-18,Shimla,152,49,Medium
2025-06-19,Delhi,205,43,Medium
2025-06-19,Bangalore,305,32,Medium
2025-06-19,Mumbai,646,10,High
2025-06-19,Chennai,452,15,High
2025-06-19,Ahmedabad,355,26,High
2025-06-19,Hyderabad,404,21,High
2025-06-19,Lucknow,174,46,Medium
2025-06-19,Shimla,60,59,Low
2025-06-20,Delhi,259,37,Medium
2025-06-20,Bangalore,189,44,Medium
2025-06-20,Mumbai,528,10,High
2025-06-20,Chennai,491,11,High
2025-06-20,Ahmedabad,363,25,High
2025-06-20,Hyderabad,424,18,High
2025-06-20,Lucknow,379,23,High
2025-06-20,Shimla,185,45,Medium
2025-06-21,Delhi,371,24,High
2025-06-21,Bangalore,356,26,High
2025-06-21,Mumbai,648,10,High
2025-06-21,Chennai,234,39,Medium
2025-06-21,Ahmedabad,395,22,High
2025-06-21,Hyderabad,210,42,Medium
2025-06-21,Lucknow,414,19,High
2025-06-21,Shimla,155,48,Medium
2025-06-22,Delhi,241,39,Medium
2025-06-22,Bangalore,224,41,Medium
2025-06-22,Mumbai,334,28,Medium
2025-06-22,Chennai,332,29,Medium
2025-06-22,Ahmedabad,436,17,High
2025-06-22,Hyderabad,446,16,High
2025-06-22,Lucknow,209,42,Medium
2025-06-22,Shimla,169,47,Medium
2025-06-23,Delhi,309,31,Medium
2025-06-23,Bangalore,425,18,High
2025-06-23,Mumbai,343,27,Medium
2025-06-23,Chennai,413,20,High
2025-06-23,Ahmedabad,298,32,Medium
2025-06-23,Hyderabad,343,27,Medium
2025-06-23,Lucknow,243,38,Medium
2025-06-23,Shimla,134,51,Low
2025-06-24,Delhi,250,38,Medium
2025-06-24,Bangalore,176,46,Medium
2025-06-24,Mumbai,407,20,High
2025-06-24,Chennai,393,22,High
2025-06-24,Ahmedabad,404,21,High
2025-06-24,Hyderabad,293,33,Medium
2025-06-24,Lucknow,273,35,Medium
2025-06-24,Shimla,120,52,Low
2025-06-25,Delhi,275,35,Medium
2025-06-25,Bangalore,385,23,High
2025-06-25,Mumbai,468,13,High
2025-06-25,Chennai,516,10,High
2025-06-25,Ahmedabad,284,34,Medium
2025-06-25,Hyderabad,446,16,High
2025-06-25,Lucknow,322,30,Medium
2025-06-25,Shimla,155,48,Medium
2025-06-26,Delhi,323,30,Medium
2025-06-26,Bangalore,427,18,High
2025-06-26,Mumbai,536,10,High
2025-06-26,Chennai,295,33,Medium
2025-06-26,Ahmedabad,443,16,High
2025-06-26,Hyderabad,278,35,Medium
2025-06-26,Lucknow,325,29,Medium
2025-06-26,Shimla,89,56,Low
2025-06-27,Delhi,380,23,High
2025-06-27,Bangalore,442,16,High
2025-06-27,Mumbai,438,17,High
2025-06-27,Chennai,547,10,High
2025-06-27,Ahmedabad,381,23,High
2025-06-27,Hyderabad,240,39,Medium
2025-06-27,Lucknow,317,30,Medium
2025-06-27,Shimla,122,52,Low
2025-06-28,Delhi,600,10,High
2025-06-28,Bangalore,268,36,Medium
2025-06-28,Mumbai,562,10,High
2025-06-28,Chennai,252,37,Medium
2025-06-28,Ahmedabad,208,42,Medium
2025-06-28,Hyderabad,274,35,Medium
2025-06-28,Lucknow,277,35,Medium
2025-06-28,Shimla,66,58,Low
2025-06-29,Delhi,314,31,Medium
2025-06-29,Bangalore,383,23,High
2025-06-29,Mumbai,304,32,Medium
2025-06-29,Chennai,537,10,High
2025-06-29,Ahmedabad,188,45,Medium
2025-06-29,Hyderabad,328,29,Medium
2025-06-29,Lucknow,190,44,Medium
2025-06-29,Shimla,89,56,Low
2025-06-30,Delhi,424,18,High
2025-06-30,Bangalore,450,15,High
2025-06-30,Mumbai,265,36,Medium
2025-06-30,Chennai,264,36,Medium
2025-06-30,Ahmedabad,273,35,Medium
2025-06-30,Hyderabad,432,17,High
2025-06-30,Lucknow,272,35,Medium
2025-06-30,Shimla,79,57,Low
2025-07-01,Delhi,506,10,High
2025-07-01,Bangalore,380,23,High
2025-07-01,Mumbai,440,17,High
2025-07-01,Chennai,385,23,High
2025-07-01,Ahmedabad,255,37,Medium
2025-07-01,Hyderabad,203,43,Medium
2025-07-01,Lucknow,418,19,High
2025-07-01,Shimla,126,51,Low
2025-07-02,Delhi,534,10,High
2025-07-02,Bangalore,283,34,Medium
2025-07-02,Mumbai,329,29,Medium
2025-07-02,Chennai,212,42,Medium
2025-07-02,Ahmedabad,310,31,Medium
2025-07-02,Hyderabad,401,21,High
2025-07-02,Lucknow,302,32,Medium
2025-07-02,Shimla,159,48,Medium
2025-07-03,Delhi,482,12,High
2025-07-03,Bangalore,428,18,High
2025-07-03,Mumbai,330,29,Medium
2025-07-03,Chennai,226,40,Medium
2025-07-03,Ahmedabad,441,16,High
2025-07-03,Hyderabad,341,28,Medium
2025-07-03,Lucknow,285,34,Medium
2025-07-03,Shimla,50,60,Low
2025-07-04,Delhi,242,39,Medium
2025-07-04,Bangalore,345,27,Medium
2025-07-04,Mumbai,626,10,High
2025-07-04,Chennai,204,43,Medium
2025-07-04,Ahmedabad,476,13,High
2025-07-04,Hyderabad,469,13,High
2025-07-04,Lucknow,322,30,Medium
2025-07-04,Shimla,197,44,Medium
2025-07-05,Delhi,299,32,Medium
2025-07-05,Bangalore,441,16,High
2025-07-05,Mumbai,299,32,Medium
2025-07-05,Chennai,360,25,High
2025-07-05,Ahmedabad,214,42,Medium
2025-07-05,Hyderabad,250,38,Medium
2025-07-05,Lucknow,335,28,Medium
2025-07-05,Shimla,73,57,Low
2025-07-06,Delhi,229,40,Medium
2025-07-06,Bangalore,181,45,Medium
2025-07-06,Mumbai,429,18,High
2025-07-06,Chennai,251,38,Medium
2025-07-06,Ahmedabad,195,44,Medium
2025-07-06,Hyderabad,279,34,Medium
2025-07-06,Lucknow,288,33,Medium
2025-07-06,Shimla,93,55,Low
2025-07-07,Delhi,530,10,High
2025-07-07,Bangalore,359,26,High
2025-07-07,Mumbai,581,10,High
2025-07-07,Chennai,365,25,High
2025-07-07,Ahmedabad,413,20,High
2025-07-07,Hyderabad,340,28,Medium
2025-07-07,Lucknow,245,38,Medium
2025-07-07,Shimla,126,51,Low
2025-07-08,Delhi,343,27,Medium
2025-07-08,Bangalore,211,42,Medium
2025-07-08,Mumbai,524,10,High
2025-07-08,Chennai,546,10,High
2025-07-08,Ahmedabad,249,38,Medium
2025-07-08,Hyderabad,263,36,Medium
2025-07-08,Lucknow,410,20,High
2025-07-08,Shimla,174,46,Medium
2025-07-09,Delhi,438,17,High
2025-07-09,Bangalore,448,16,High
2025-07-09,Mumbai,638,10,High
2025-07-09,Chennai,369,24,High
2025-07-09,Ahmedabad,386,23,High
2025-07-09,Hyderabad,349,27,Medium
2025-07-09,Lucknow,376,24,High
2025-07-09,Shimla,105,54,Low
2025-07-10,Delhi,325,29,Medium
2025-07-10,Bangalore,300,32,Medium
2025-07-10,Mumbai,472,13,High
2025-07-10,Chennai,458,15,High
2025-07-10,Ahmedabad,463,14,High
2025-07-10,Hyderabad,287,34,Medium
2025-07-10,Lucknow,400,21,High
2025-07-10,Shimla,150,49,Medium
2025-07-11,Delhi,466,14,High
2025-07-11,Bangalore,153,48,Medium
2025-07-11,Mumbai,331,29,Medium
2025-07-11,Chennai,310,31,Medium
2025-07-11,Ahmedabad,290,33,Medium
2025-07-11,Hyderabad,345,27,Medium
2025-07-11,Lucknow,376,24,High
2025-07-11,Shimla,61,59,Low
2025-07-12,Delhi,289,33,Medium
2025-07-12,Bangalore,192,44,Medium
2025-07-12,Mumbai,628,10,High
2025-07-12,Chennai,274,35,Medium
2025-07-12,Ahmedabad,336,28,Medium
2025-07-12,Hyderabad,194,44,Medium
2025-07-12,Lucknow,258,37,Medium
2025-07-12,Shimla,87,56,Low
2025-07-13,Delhi,454,15,High
2025-07-13,Bangalore,267,36,Medium
2025-07-13,Mumbai,525,10,High
2025-07-13,Chennai,385,23,High
2025-07-13,Ahmedabad,477,12,High
2025-07-13,Hyderabad,224,41,Medium
2025-07-13,Lucknow,290,33,Medium
2025-07-13,Shimla,106,54,Low
2025-07-14,Delhi,280,34,Medium
2025-07-14,Bangalore,215,42,Medium
2025-07-14,Mumbai,367,25,High
2025-07-14,Chennai,306,31,Medium
2025-07-14,Ahmedabad,231,40,Medium
2025-07-14,Hyderabad,261,36,Medium
2025-07-14,Lucknow,334,28,Medium
2025-07-14,Shimla,69,58,Low
2025-07-15,Delhi,481,12,High
2025-07-15,Bangalore,264,36,Medium
2025-07-15,Mumbai,293,33,Medium
2025-07-15,Chennai,388,22,High
2025-07-15,Ahmedabad,297,32,Medium
2025-07-15,Hyderabad,434,17,High
2025-07-15,Lucknow,312,31,Medium
2025-07-15,Shimla,91,55,Low
2025-07-16,Delhi,223,41,Medium
2025-07-16,Bangalore,261,36,Medium
2025-07-16,Mumbai,522,10,High
2025-07-16,Chennai,504,10,High
2025-07-16,Ahmedabad,424,18,High
2025-07-16,Hyderabad,307,31,Medium
2025-07-16,Lucknow,156,48,Medium
2025-07-16,Shimla,79,57,Low
2025-07-17,Delhi,413,20,High
2025-07-17,Bangalore,337,28,Medium
2025-07-17,Mumbai,383,23,High
2025-07-17,Chennai,240,39,Medium
2025-07-17,Ahmedabad,234,39,Medium
2025-07-17,Hyderabad,392,22,High
2025-07-17,Lucknow,280,34,Medium
2025-07-17,Shimla,101,54,Low
2025-07-18,Delhi,533,10,High
2025-07-18,Bangalore,399,21,High
2025-07-18,Mumbai,497,10,High
2025-07-18,Chennai,368,25,High
2025-07-18,Ahmedabad,439,17,High
2025-07-18,Hyderabad,201,43,Medium
2025-07-18,Lucknow,272,35,Medium
2025-07-18,Shimla,102,54,Low
2025-07-19,Delhi,564,10,High
2025-07-19,Bangalore,387,22,High
2025-07-19,Mumbai,423,18,High
2025-07-19,Chennai,266,36,Medium
2025-07-19,Ahmedabad,477,12,High
2025-07-19,Hyderabad,203,43,Medium
2025-07-19,Lucknow,163,47,Medium
2025-07-19,Shimla,194,44,Medium
2025-07-20,Delhi,396,21,High
2025-07-20,Bangalore,371,24,High
2025-07-20,Mumbai,474,13,High
2025-07-20,Chennai,443,16,High
2025-07-20,Ahmedabad,468,13,High
2025-07-20,Hyderabad,314,31,Medium
2025-07-20,Lucknow,152,49,Medium
2025-07-20,Shimla,55,59,Low
2025-07-21,Delhi,293,33,Medium
2025-07-21,Bangalore,284,34,Medium
2025-07-21,Mumbai,523,10,High
2025-07-21,Chennai,273,35,Medium
2025-07-21,Ahmedabad,360,25,High
2025-07-21,Hyderabad,446,16,High
2025-07-21,Lucknow,311,31,Medium
2025-07-21,Shimla,157,48,Medium
2025-07-22,Delhi,574,10,High
2025-07-22,Bangalore,309,31,Medium
2025-07-22,Mumbai,641,10,High
2025-07-22,Chennai,248,38,Medium
2025-07-22,Ahmedabad,457,15,High
2025-07-22,Hyderabad,223,41,Medium
2025-07-22,Lucknow,277,35,Medium
2025-07-22,Shimla,72,57,Low
2025-07-23,Delhi,303,32,Medium
2025-07-23,Bangalore,443,16,High
2025-07-23,Mumbai,270,35,Medium
2025-07-23,Chennai,317,30,Medium
2025-07-23,Ahmedabad,412,20,High
2025-07-23,Hyderabad,395,22,High
2025-07-23,Lucknow,322,30,Medium
2025-07-23,Shimla,169,47,Medium
2025-07-24,Delhi,330,29,Medium
2025-07-24,Bangalore,225,40,Medium
2025-07-24,Mumbai,516,10,High
2025-07-24,Chennai,494,11,High
2025-07-24,Ahmedabad,258,37,Medium
2025-07-24,Hyderabad,238,39,Medium
2025-07-24,Lucknow,284,34,Medium
2025-07-24,Shimla,110,53,Low
2025-07-25,Delhi,332,29,Medium
2025-07-25,Bangalore,417,19,High
2025-07-25,Mumbai,440,17,High
2025-07-25,Chennai,247,38,Medium
2025-07-25,Ahmedabad,403,21,High
2025-07-25,Hyderabad,203,43,Medium
2025-07-25,Lucknow,326,29,Medium
2025-07-25,Shimla,191,44,Medium
2025-07-26,Delhi,376,24,High
2025-07-26,Bangalore,267,36,Medium
2025-07-26,Mumbai,345,27,Medium
2025-07-26,Chennai,483,12,High
2025-07-26,Ahmedabad,443,16,High
2025-07-26,Hyderabad,433,17,High
2025-07-26,Lucknow,405,20,High
2025-07-26,Shimla,190,44,Medium
2025-07-27,Delhi,322,30,Medium
2025-07-27,Bangalore,220,41,Medium
2025-07-27,Mumbai,446,16,High
2025-07-27,Chennai,523,10,High
2025-07-27,Ahmedabad,239,39,Medium
2025-07-27,Hyderabad,285,34,Medium
2025-07-27,Lucknow,293,33,Medium
2025-07-27,Shimla,71,58,Low
2025-07-28,Delhi,410,20,High
2025-07-28,Bangalore,415,19,High
2025-07-28,Mumbai,523,10,High
2025-07-28,Chennai,448,16,High
2025-07-28,Ahmedabad,350,27,High
2025-07-28,Hyderabad,208,42,Medium
2025-07-28,Lucknow,363,25,High
2025-07-28,Shimla,190,44,Medium
2025-07-29,Delhi,575,10,High
2025-07-29,Bangalore,321,30,Medium
2025-07-29,Mumbai,524,10,High
2025-07-29,Chennai,348,27,Medium
2025-07-29,Ahmedabad,402,21,High
2025-07-29,Hyderabad,347,27,Medium
2025-07-29,Lucknow,413,20,High
2025-07-29,Shimla,75,57,Low
2025-07-30,Delhi,209,42,Medium
2025-07-30,Bangalore,341,28,Medium
2025-07-30,Mumbai,528,10,High
2025-07-30,Chennai,318,30,Medium
2025-07-30,Ahmedabad,279,34,Medium
2025-07-30,Hyderabad,459,14,High
2025-07-30,Lucknow,193,44,Medium
2025-07-30,Shimla,152,49,Medium
2025-07-31,Delhi,498,10,High
2025-07-31,Bangalore,430,18,High
2025-07-31,Mumbai,265,36,Medium
2025-07-31,Chennai,515,10,High
2025-07-31,Ahmedabad,466,14,High
2025-07-31,Hyderabad,429,18,High
2025-07-31,Lucknow,157,48,Medium
2025-07-31,Shimla,176,46,Medium
2025-08-01,Delhi,437,17,High
2025-08-01,Bangalore,393,22,High
2025-08-01,Mumbai,469,13,High
2025-08-01,Chennai,263,36,Medium
2025-08-01,Ahmedabad,207,42,Medium
2025-08-01,Hyderabad,231,40,Medium
2025-08-01,Lucknow,295,33,Medium
2025-08-01,Shimla,132,51,Low
2025-08-02,Delhi,363,25,High
2025-08-02,Bangalore,382,23,High
2025-08-02,Mumbai,650,10,High
2025-08-02,Chennai,400,21,High
2025-08-02,Ahmedabad,349,27,Medium
2025-08-02,Hyderabad,402,21,High
2025-08-02,Lucknow,249,38,Medium
2025-08-02,Shimla,138,50,Low
2025-08-03,Delhi,298,32,Medium
2025-08-03,Bangalore,254,37,Medium
2025-08-03,Mumbai,339,28,Medium
2025-08-03,Chennai,422,19,High
2025-08-03,Ahmedabad,384,23,High
2025-08-03,Hyderabad,309,31,Medium
2025-08-03,Lucknow,380,23,High
2025-08-03,Shimla,129,51,Low
2025-08-04,Delhi,423,18,High
2025-08-04,Bangalore,265,36,Medium
2025-08-04,Mumbai,516,10,High
2025-08-04,Chennai,436,17,High
2025-08-04,Ahmedabad,222,41,Medium
2025-08-04,Hyderabad,319,30,Medium
2025-08-04,Lucknow,208,42,Medium
2025-08-04,Shimla,159,48,Medium
2025-08-05,Delhi,598,10,High
2025-08-05,Bangalore,362,25,High
2025-08-05,Mumbai,293,33,Medium
2025-08-05,Chennai,282,34,Medium
2025-08-05,Ahmedabad,204,43,Medium
2025-08-05,Hyderabad,315,30,Medium
2025-08-05,Lucknow,362,25,High
2025-08-05,Shimla,75,57,Low
2025-08-06,Delhi,447,16,High
2025-08-06,Bangalore,172,46,Medium
2025-08-06,Mumbai,476,13,High
2025-08-06,Chennai,443,16,High
2025-08-06,Ahmedabad,231,40,Medium
2025-08-06,Hyderabad,195,44,Medium
2025-08-06,Lucknow,157,48,Medium
2025-08-06,Shimla,54,59,Low
2025-08-07,Delhi,354,26,High
2025-08-07,Bangalore,261,36,Medium
2025-08-07,Mumbai,315,30,Medium
2025-08-07,Chennai,308,31,Medium
2025-08-07,Ahmedabad,420,19,High
2025-08-07,Hyderabad,315,30,Medium
2025-08-07,Lucknow,172,46,Medium
2025-08-07,Shimla,106,54,Low
2025-08-08,Delhi,459,14,High
2025-08-08,Bangalore,194,44,Medium
2025-08-08,Mumbai,327,29,Medium
2025-08-08,Chennai,279,34,Medium
2025-08-08,Ahmedabad,359,26,High
2025-08-08,Hyderabad,370,24,High
2025-08-08,Lucknow,317,30,Medium
2025-08-08,Shimla,147,49,Low
2025-08-09,Delhi,550,10,High
2025-08-09,Bangalore,171,46,Medium
2025-08-09,Mumbai,644,10,High
2025-08-09,Chennai,409,20,High
2025-08-09,Ahmedabad,314,31,Medium
2025-08-09,Hyderabad,478,12,High
2025-08-09,Lucknow,358,26,High
2025-08-09,Shimla,166,47,Medium
2025-08-10,Delhi,202,43,Medium
2025-08-10,Bangalore,446,16,High
2025-08-10,Mumbai,495,10,High
2025-08-10,Chennai,254,37,Medium
2025-08-10,Ahmedabad,435,17,High
2025-08-10,Hyderabad,317,30,Medium
2025-08-10,Lucknow,304,32,Medium
2025-08-10,Shimla,192,44,Medium
2025-08-11,Delhi,352,26,High
2025-08-11,Bangalore,294,33,Medium
2025-08-11,Mumbai,327,29,Medium
2025-08-11,Chennai,253,37,Medium
2025-08-11,Ahmedabad,443,16,High
2025-08-11,Hyderabad,384,23,High
2025-08-11,Lucknow,288,33,Medium
2025-08-11,Shimla,75,57,Low
2025-08-12,Delhi,385,23,High
2025-08-12,Bangalore,385,23,High
2025-08-12,Mumbai,622,10,High
2025-08-12,Chennai,326,29,Medium
2025-08-12,Ahmedabad,195,44,Medium
2025-08-12,Hyderabad,227,40,Medium
2025-08-12,Lucknow,280,34,Medium
2025-08-12,Shimla,115,53,Low
2025-08-13,Delhi,223,41,Medium
2025-08-13,Bangalore,178,46,Medium
2025-08-13,Mumbai,429,18,High
2025-08-13,Chennai,496,10,High
2025-08-13,Ahmedabad,440,17,High
2025-08-13,Hyderabad,210,42,Medium
2025-08-13,Lucknow,340,28,Medium
2025-08-13,Shimla,142,50,Low
2025-08-14,Delhi,200,43,Medium
2025-08-14,Bangalore,415,19,High
2025-08-14,Mumbai,387,22,High
2025-08-14,Chennai,499,10,High
2025-08-14,Ahmedabad,284,34,Medium
2025-08-14,Hyderabad,279,34,Medium
2025-08-14,Lucknow,407,20,High
2025-08-14,Shimla,69,58,Low
2025-08-15,Delhi,573,10,High
2025-08-15,Bangalore,425,18,High
2025-08-15,Mumbai,577,10,High
2025-08-15,Chennai,410,20,High
2025-08-15,Ahmedabad,367,25,High
2025-08-15,Hyderabad,231,40,Medium
2025-08-15,Lucknow,181,45,Medium
2025-08-15,Shimla,163,47,Medium
2025-08-16,Delhi,564,10,High
2025-08-16,Bangalore,412,20,High
2025-08-16,Mumbai,325,29,Medium
2025-08-16,Chennai,309,31,Medium
2025-08-16,Ahmedabad,460,14,High
2025-08-16,Hyderabad,184,45,Medium
2025-08-16,Lucknow,205,43,Medium
2025-08-16,Shimla,194,44,Medium
2025-08-17,Delhi,202,43,Medium
2025-08-17,Bangalore,170,47,Medium
2025-08-17,Mumbai,427,18,High
2025-08-17,Chennai,459,14,High
2025-08-17,Ahmedabad,195,44,Medium
2025-08-17,Hyderabad,196,44,Medium
2025-08-17,Lucknow,385,23,High
2025-08-17,Shimla,93,55,Low
2025-08-18,Delhi,242,39,Medium
2025-08-18,Bangalore,200,43,Medium
2025-08-18,Mumbai,392,22,High
2025-08-18,Chennai,359,26,High
2025-08-18,Ahmedabad,222,41,Medium
2025-08-18,Hyderabad,357,26,High
2025-08-18,Lucknow,253,37,Medium
2025-08-18,Shimla,65,58,Low
2025-08-19,Delhi,382,23,High
2025-08-19,Bangalore,360,25,High
2025-08-19,Mumbai,293,33,Medium
2025-08-19,Chennai,251,38,Medium
2025-08-19,Ahmedabad,211,42,Medium
2025-08-19,Hyderabad,296,33,Medium
2025-08-19,Lucknow,365,25,High
2025-08-19,Shimla,88,56,Low
2025-08-20,Delhi,431,18,High
2025-08-20,Bangalore,399,21,High
2025-08-20,Mumbai,499,10,High
2025-08-20,Chennai,240,39,Medium
2025-08-20,Ahmedabad,407,20,High
2025-08-20,Hyderabad,185,45,Medium
2025-08-20,Lucknow,308,31,Medium
2025-08-20,Shimla,62,59,Low
2025-08-21,Delhi,596,10,High
2025-08-21,Bangalore,198,43,Medium
2025-08-21,Mumbai,473,13,High
2025-08-21,Chennai,524,10,High
2025-08-21,Ahmedabad,348,27,Medium
2025-08-21,Hyderabad,310,31,Medium
2025-08-21,Lucknow,256,37,Medium
2025-08-21,Shimla,132,51,Low
2025-08-22,Delhi,573,10,High
2025-08-22,Bangalore,233,40,Medium
2025-08-22,Mumbai,403,21,High
2025-08-22,Chennai,522,10,High
2025-08-22,Ahmedabad,456,15,High
2025-08-22,Hyderabad,405,20,High
2025-08-22,Lucknow,347,27,Medium
2025-08-22,Shimla,72,57,Low
2025-08-23,Delhi,244,38,Medium
2025-08-23,Bangalore,210,42,Medium
2025-08-23,Mumbai,272,35,Medium
2025-08-23,Chennai,526,10,High
2025-08-23,Ahmedabad,379,23,High
2025-08-23,Hyderabad,402,21,High
2025-08-23,Lucknow,361,25,High
2025-08-23,Shimla,182,45,Medium
2025-08-24,Delhi,554,10,High
2025-08-24,Bangalore,421,19,High
2025-08-24,Mumbai,378,23,High
2025-08-24,Chennai,458,15,High
2025-08-24,Ahmedabad,214,42,Medium
2025-08-24,Hyderabad,475,13,High
2025-08-24,Lucknow,164,47,Medium
2025-08-24,Shimla,89,56,Low
2025-08-25,Delhi,373,24,High
2025-08-25,Bangalore,192,44,Medium
2025-08-25,Mumbai,268,36,Medium
2025-08-25,Chennai,239,39,Medium
2025-08-25,Ahmedabad,334,28,Medium
2025-08-25,Hyderabad,262,36,Medium
2025-08-25,Lucknow,311,31,Medium
2025-08-25,Shimla,88,56,Low
2025-08-26,Delhi,501,10,High
2025-08-26,Bangalore,324,29,Medium
2025-08-26,Mumbai,261,36,Medium
2025-08-26,Chennai,394,22,High
2025-08-26,Ahmedabad,356,26,High
2025-08-26,Hyderabad,337,28,Medium
2025-08-26,Lucknow,338,28,Medium
2025-08-26,Shimla,83,56,Low
2025-08-27,Delhi,324,29,Medium
2025-08-27,Bangalore,219,41,Medium
2025-08-27,Mumbai,564,10,High
2025-08-27,Chennai,505,10,High
2025-08-27,Ahmedabad,482,12,High
2025-08-27,Hyderabad,243,38,Medium
2025-08-27,Lucknow,193,44,Medium
2025-08-27,Shimla,53,60,Low
2025-08-28,Delhi,277,35,Medium
2025-08-28,Bangalore,195,44,Medium
2025-08-28,Mumbai,580,10,High
2025-08-28,Chennai,212,42,Medium
2025-08-28,Ahmedabad,497,10,High
2025-08-28,Hyderabad,461,14,High
2025-08-28,Lucknow,173,46,Medium
2025-08-28,Shimla,72,57,Low
2025-08-29,Delhi,291,33,Medium
2025-08-29,Bangalore,436,17,High
2025-08-29,Mumbai,331,29,Medium
2025-08-29,Chennai,363,25,High
2025-08-29,Ahmedabad,447,16,High
2025-08-29,Hyderabad,415,19,High
2025-08-29,Lucknow,362,25,High
2025-08-29,Shimla,110,53,Low
2025-08-30,Delhi,373,24,High
2025-08-30,Bangalore,188,45,Medium
2025-08-30,Mumbai,315,30,Medium
2025-08-30,Chennai,292,33,Medium
2025-08-30,Ahmedabad,272,35,Medium
2025-08-30,Hyderabad,405,20,High
2025-08-30,Lucknow,326,29,Medium
2025-08-30,Shimla,56,59,Low
2025-08-31,Delhi,232,40,Medium
2025-08-31,Bangalore,311,31,Medium
2025-08-31,Mumbai,283,34,Medium
2025-08-31,Chennai,475,13,High
2025-08-31,Ahmedabad,224,41,Medium
2025-08-31,Hyderabad,461,14,High
2025-08-31,Lucknow,303,32,Medium
2025-08-31,Shimla,61,59,Low
2025-09-01,Delhi,303,32,Medium
2025-09-01,Bangalore,157,48,Medium
2025-09-01,Mumbai,374,24,High
2025-09-01,Chennai,451,15,High
2025-09-01,Ahmedabad,463,14,High
2025-09-01,Hyderabad,214,42,Medium
2025-09-01,Lucknow,359,26,High
2025-09-01,Shimla,66,58,Low
2025-09-02,Delhi,330,29,Medium
2025-09-02,Bangalore,312,31,Medium
2025-09-02,Mumbai,273,35,Medium
2025-09-02,Chennai,520,10,High
2025-09-02,Ahmedabad,407,20,High
2025-09-02,Hyderabad,222,41,Medium
2025-09-02,Lucknow,342,27,Medium
2025-09-02,Shimla,106,54,Low
2025-09-03,Delhi,215,42,Medium
2025-09-03,Bangalore,258,37,Medium
2025-09-03,Mumbai,645,10,High
2025-09-03,Chennai,428,18,High
2025-09-03,Ahmedabad,493,11,High
2025-09-03,Hyderabad,287,34,Medium
2025-09-03,Lucknow,310,31,Medium
2025-09-03,Shimla,190,44,Medium
2025-09-04,Delhi,237,39,Medium
2025-09-04,Bangalore,289,33,Medium
2025-09-04,Mumbai,484,12,High
2025-09-04,Chennai,375,24,High
2025-09-04,Ahmedabad,272,35,Medium
2025-09-04,Hyderabad,231,40,Medium
2025-09-04,Lucknow,305,32,Medium
2025-09-04,Shimla,142,50,Low
2025-09-05,Delhi,278,35,Medium
2025-09-05,Bangalore,358,26,High
2025-09-05,Mumbai,461,14,High
2025-09-05,Chennai,441,16,High
2025-09-05,Ahmedabad,319,30,Medium
2025-09-05,Hyderabad,271,35,Medium
2025-09-05,Lucknow,240,39,Medium
2025-09-05,Shimla,92,55,Low
2025-09-06,Delhi,397,21,High
2025-09-06,Bangalore,206,43,Medium
2025-09-06,Mumbai,518,10,High
2025-09-06,Chennai,263,36,Medium
2025-09-06,Ahmedabad,213,42,Medium
2025-09-06,Hyderabad,398,21,High
2025-09-06,Lucknow,400,21,High
2025-09-06,Shimla,96,55,Low
2025-09-07,Delhi,362,25,High
2025-09-07,Bangalore,401,21,High
2025-09-07,Mumbai,349,27,Medium
2025-09-07,Chennai,505,10,High
2025-09-07,Ahmedabad,443,16,High
2025-09-07,Hyderabad,341,28,Medium
2025-09-07,Lucknow,414,19,High
2025-09-07,Shimla,82,56,Low
2025-09-08,Delhi,254,37,Medium
2025-09-08,Bangalore,289,33,Medium
2025-09-08,Mumbai,429,18,High
2025-09-08,Chennai,411,20,High
2025-09-08,Ahmedabad,200,43,Medium
2025-09-08,Hyderabad,226,40,Medium
2025-09-08,Lucknow,279,34,Medium
2025-09-08,Shimla,121,52,Low
2025-09-09,Delhi,441,16,High
2025-09-09,Bangalore,393,22,High
2025-09-09,Mumbai,293,33,Medium
2025-09-09,Chennai,321,30,Medium
2025-09-09,Ahmedabad,420,19,High
2025-09-09,Hyderabad,307,31,Medium
2025-09-09,Lucknow,254,37,Medium
2025-09-09,Shimla,86,56,Low
2025-09-10,Delhi,484,12,High
2025-09-10,Bangalore,406,20,High
2025-09-10,Mumbai,609,10,High
2025-09-10,Chennai,365,25,High
2025-09-10,Ahmedabad,407,20,High
2025-09-10,Hyderabad,201,43,Medium
2025-09-10,Lucknow,255,37,Medium
2025-09-10,Shimla,157,48,Medium
2025-09-11,Delhi,300,32,Medium
2025-09-11,Bangalore,165,47,Medium
2025-09-11,Mumbai,436,17,High
2025-09-11,Chennai,256,37,Medium
2025-09-11,Ahmedabad,479,12,High
2025-09-11,Hyderabad,454,15,High
2025-09-11,Lucknow,375,24,High
2025-09-11,Shimla,179,46,Medium
2025-09-12,Delhi,584,10,High
2025-09-12,Bangalore,329,29,Medium
2025-09-12,Mumbai,311,31,Medium
2025-09-12,Chennai,299,32,Medium
2025-09-12,Ahmedabad,199,43,Medium
2025-09-12,Hyderabad,353,26,High
2025-09-12,Lucknow,223,41,Medium
2025-09-12,Shimla,179,46,Medium
2025-09-13,Delhi,257,37,Medium
2025-09-13,Bangalore,196,44,Medium
2025-09-13,Mumbai,298,32,Medium
2025-09-13,Chennai,370,24,High
2025-09-13,Ahmedabad,438,17,High
2025-09-13,Hyderabad,452,15,High
2025-09-13,Lucknow,215,42,Medium
2025-09-13,Shimla,78,57,Low
2025-09-14,Delhi,596,10,High
2025-09-14,Bangalore,281,34,Medium
2025-09-14,Mumbai,337,28,Medium
2025-09-14,Chennai,234,39,Medium
2025-09-14,Ahmedabad,262,36,Medium
2025-09-14,Hyderabad,334,28,Medium
2025-09-14,Lucknow,280,34,Medium
2025-09-14,Shimla,151,49,Medium
2025-09-15,Delhi,313,31,Medium
2025-09-15,Bangalore,309,31,Medium
2025-09-15,Mumbai,389,22,High
2025-09-15,Chennai,409,20,High
2025-09-15,Ahmedabad,402,21,High
2025-09-15,Hyderabad,307,31,Medium
2025-09-15,Lucknow,403,21,High
2025-09-15,Shimla,63,58,Low
2025-09-16,Delhi,519,10,High
2025-09-16,Bangalore,408,20,High
2025-09-16,Mumbai,359,26,High
2025-09-16,Chennai,208,42,Medium
2025-09-16,Ahmedabad,287,34,Medium
2025-09-16,Hyderabad,266,36,Medium
2025-09-16,Lucknow,225,40,Medium
2025-09-16,Shimla,167,47,Medium
2025-09-17,Delhi,243,38,Medium
2025-09-17,Bangalore,241,39,Medium
2025-09-17,Mumbai,455,15,High
2025-09-17,Chennai,532,10,High
2025-09-17,Ahmedabad,221,41,Medium
2025-09-17,Hyderabad,360,25,High
2025-09-17,Lucknow,165,47,Medium
2025-09-17,Shimla,60,59,Low
2025-09-18,Delhi,582,10,High
2025-09-18,Bangalore,391,22,High
2025-09-18,Mumbai,608,10,High
2025-09-18,Chennai,389,22,High
2025-09-18,Ahmedabad,407,20,High
2025-09-18,Hyderabad,412,20,High
2025-09-18,Lucknow,178,46,Medium
2025-09-18,Shimla,189,44,Medium
2025-09-19,Delhi,414,19,High
2025-09-19,Bangalore,300,32,Medium
2025-09-19,Mumbai,387,22,High
2025-09-19,Chennai,456,15,High
2025-09-19,Ahmedabad,492,11,High
2025-09-19,Hyderabad,255,37,Medium
2025-09-19,Lucknow,352,26,High
2025-09-19,Shimla,83,56,Low
2025-09-20,Delhi,457,15,High
2025-09-20,Bangalore,271,35,Medium
2025-09-20,Mumbai,593,10,High
2025-09-20,Chennai,261,36,Medium
2025-09-20,Ahmedabad,492,11,High
2025-09-20,Hyderabad,249,38,Medium
2025-09-20,Lucknow,222,41,Medium
2025-09-20,Shimla,190,44,Medium
2025-09-21,Delhi,437,17,High
2025-09-21,Bangalore,203,43,Medium
2025-09-21,Mumbai,415,19,High
2025-09-21,Chennai,258,37,Medium
2025-09-21,Ahmedabad,467,14,High
2025-09-21,Hyderabad,375,24,High
2025-09-21,Lucknow,240,39,Medium
2025-09-21,Shimla,169,47,Medium
2025-09-22,Delhi,205,43,Medium
2025-09-22,Bangalore,372,24,High
2025-09-22,Mumbai,527,10,High
2025-09-22,Chennai,550,10,High
2025-09-22,Ahmedabad,222,41,Medium
2025-09-22,Hyderabad,190,44,Medium
2025-09-22,Lucknow,419,19,High
2025-09-22,Shimla,120,52,Low
2025-09-23,Delhi,378,23,High
2025-09-23,Bangalore,184,45,Medium
2025-09-23,Mumbai,618,10,High
2025-09-23,Chennai,346,27,Medium
2025-09-23,Ahmedabad,184,45,Medium
2025-09-23,Hyderabad,230,40,Medium
2025-09-23,Lucknow,369,24,High
2025-09-23,Shimla,179,46,Medium
2025-09-24,Delhi,560,10,High
2025-09-24,Bangalore,364,25,High
2025-09-24,Mumbai,391,22,High
2025-09-24,Chennai,206,43,Medium
2025-09-24,Ahmedabad,466,14,High
2025-09-24,Hyderabad,270,35,Medium
2025-09-24,Lucknow,184,45,Medium
2025-09-24,Shimla,144,49,Low
2025-09-25,Delhi,553,10,High
2025-09-25,Bangalore,155,48,Medium
2025-09-25,Mumbai,613,10,High
2025-09-25,Chennai,369,24,High
2025-09-25,Ahmedabad,480,12,High
2025-09-25,Hyderabad,325,29,Medium
2025-09-25,Lucknow,215,42,Medium
2025-09-25,Shimla,170,47,Medium
2025-09-26,Delhi,456,15,High
2025-09-26,Bangalore,335,28,Medium
2025-09-26,Mumbai,267,36,Medium
2025-09-26,Chennai,530,10,High
2025-09-26,Ahmedabad,438,17,High
2025-09-26,Hyderabad,432,17,High
2025-09-26,Lucknow,303,32,Medium
2025-09-26,Shimla,121,52,Low
2025-09-27,Delhi,456,15,High
2025-09-27,Bangalore,324,29,Medium
2025-09-27,Mumbai,280,34,Medium
2025-09-27,Chennai,416,19,High
2025-09-27,Ahmedabad,242,39,Medium
2025-09-27,Hyderabad,355,26,High
2025-09-27,Lucknow,256,37,Medium
2025-09-27,Shimla,63,58,Low
2025-09-28,Delhi,351,26,High
2025-09-28,Bangalore,436,17,High
2025-09-28,Mumbai,475,13,High
2025-09-28,Chennai,371,24,High
2025-09-28,Ahmedabad,261,36,Medium
2025-09-28,Hyderabad,277,35,Medium
2025-09-28,Lucknow,300,32,Medium
2025-09-28,Shimla,191,44,Medium
2025-09-29,Delhi,274,35,Medium
2025-09-29,Bangalore,322,30,Medium
2025-09-29,Mumbai,300,32,Medium
2025-09-29,Chennai,378,23,High
2025-09-29,Ahmedabad,292,33,Medium
2025-09-29,Hyderabad,259,37,Medium
2025-09-29,Lucknow,275,35,Medium
2025-09-29,Shimla,152,49,Medium
2025-09-30,Delhi,537,10,High
2025-09-30,Bangalore,429,18,High
2025-09-30,Mumbai,559,10,High
2025-09-30,Chennai,380,23,High
2025-09-30,Ahmedabad,379,23,High
2025-09-30,Hyderabad,461,14,High
2025-09-30,Lucknow,405,20,High
2025-09-30,Shimla,119,52,Low
2025-10-01,Delhi,491,11,High
2025-10-01,Bangalore,261,36,Medium
2025-10-01,Mumbai,422,19,High
2025-10-01,Chennai,428,18,High
2025-10-01,Ahmedabad,197,44,Medium
2025-10-01,Hyderabad,422,19,High
2025-10-01,Lucknow,185,45,Medium
2025-10-01,Shimla,88,56,Low
2025-10-02,Delhi,515,10,High
2025-10-02,Bangalore,372,24,High
2025-10-02,Mumbai,590,10,High
2025-10-02,Chennai,275,35,Medium
2025-10-02,Ahmedabad,353,26,High
2025-10-02,Hyderabad,439,17,High
2025-10-02,Lucknow,173,46,Medium
2025-10-02,Shimla,191,44,Medium
2025-10-03,Delhi,540,10,High
2025-10-03,Bangalore,311,31,Medium
2025-10-03,Mumbai,286,34,Medium
2025-10-03,Chennai,318,30,Medium
2025-10-03,Ahmedabad,190,44,Medium
2025-10-03,Hyderabad,217,41,Medium
2025-10-03,Lucknow,241,39,Medium
2025-10-03,Shimla,179,46,Medium
2025-10-04,Delhi,240,39,Medium
2025-10-04,Bangalore,445,16,High
2025-10-04,Mumbai,360,25,High
2025-10-04,Chennai,346,27,Medium
2025-10-04,Ahmedabad,317,30,Medium
2025-10-04,Hyderabad,273,35,Medium
2025-10-04,Lucknow,202,43,Medium
2025-10-04,Shimla,170,47,Medium
2025-10-05,Delhi,406,20,High
2025-10-05,Bangalore,418,19,High
2025-10-05,Mumbai,540,10,High
2025-10-05,Chennai,241,39,Medium
2025-10-05,Ahmedabad,481,12,High
2025-10-05,Hyderabad,342,27,Medium
2025-10-05,Lucknow,322,30,Medium
2025-10-05,Shimla,112,53,Low
2025-10-06,Delhi,222,41,Medium
2025-10-06,Bangalore,159,48,Medium
2025-10-06,Mumbai,607,10,High
2025-10-06,Chennai,472,13,High
2025-10-06,Ahmedabad,243,38,Medium
2025-10-06,Hyderabad,385,23,High
2025-10-06,Lucknow,335,28,Medium
2025-10-06,Shimla,162,47,Medium
2025-10-07,Delhi,497,10,High
2025-10-07,Bangalore,322,30,Medium
2025-10-07,Mumbai,383,23,High
2025-10-07,Chennai,380,23,High
2025-10-07,Ahmedabad,315,30,Medium
2025-10-07,Hyderabad,239,39,Medium
2025-10-07,Lucknow,282,34,Medium
2025-10-07,Shimla,154,48,Medium
2025-10-08,Delhi,531,10,High
2025-10-08,Bangalore,304,32,Medium
2025-10-08,Mumbai,312,31,Medium
2025-10-08,Chennai,381,23,High
2025-10-08,Ahmedabad,392,22,High
2025-10-08,Hyderabad,189,44,Medium
2025-10-08,Lucknow,244,38,Medium
2025-10-08,Shimla,72,57,Low
2025-10-09,Delhi,430,18,High
2025-10-09,Bangalore,359,26,High
2025-10-09,Mumbai,514,10,High
2025-10-09,Chennai,435,17,High
2025-10-09,Ahmedabad,372,24,High
2025-10-09,Hyderabad,352,26,High
2025-10-09,Lucknow,413,20,High
2025-10-09,Shimla,179,46,Medium
2025-10-10,Delhi,465,14,High
2025-10-10,Bangalore,267,36,Medium
2025-10-10,Mumbai,275,35,Medium
2025-10-10,Chennai,482,12,High
2025-10-10,Ahmedabad,219,41,Medium
2025-10-10,Hyderabad,421,19,High
2025-10-10,Lucknow,325,29,Medium
2025-10-10,Shimla,84,56,Low
2025-10-11,Delhi,377,24,High
2025-10-11,Bangalore,287,34,Medium
2025-10-11,Mumbai,288,33,Medium
2025-10-11,Chennai,407,20,High
2025-10-11,Ahmedabad,339,28,Medium
2025-10-11,Hyderabad,394,22,High
2025-10-11,Lucknow,380,23,High
2025-10-11,Shimla,153,48,Medium
2025-10-12,Delhi,429,18,High
2025-10-12,Bangalore,385,23,High
2025-10-12,Mumbai,356,26,High
2025-10-12,Chennai,306,31,Medium
2025-10-12,Ahmedabad,426,18,High
2025-10-12,Hyderabad,378,23,High
2025-10-12,Lucknow,250,38,Medium
2025-10-12,Shimla,78,57,Low
2025-10-13,Delhi,488,11,High
2025-10-13,Bangalore,291,33,Medium
2025-10-13,Mumbai,650,10,High
2025-10-13,Chennai,533,10,High
2025-10-13,Ahmedabad,424,18,High
2025-10-13,Hyderabad,470,13,High
2025-10-13,Lucknow,217,41,Medium
2025-10-13,Shimla,156,48,Medium
2025-10-14,Delhi,588,10,High
2025-10-14,Bangalore,366,25,High
2025-10-14,Mumbai,397,21,High
2025-10-14,Chennai,528,10,High
2025-10-14,Ahmedabad,335,28,Medium
2025-10-14,Hyderabad,207,42,Medium
2025-10-14,Lucknow,219,41,Medium
2025-10-14,Shimla,102,54,Low
2025-10-15,Delhi,495,10,High
2025-10-15,Bangalore,195,44,Medium
2025-10-15,Mumbai,372,24,High
2025-10-15,Chennai,225,40,Medium
2025-10-15,Ahmedabad,299,32,Medium
2025-10-15,Hyderabad,441,16,High
2025-10-15,Lucknow,264,36,Medium
2025-10-15,Shimla,200,43,Medium
2025-10-16,Delhi,561,10,High
2025-10-16,Bangalore,423,18,High
2025-10-16,Mumbai,485,12,High
2025-10-16,Chennai,242,39,Medium
2025-10-16,Ahmedabad,281,34,Medium
2025-10-16,Hyderabad,467,14,High
2025-10-16,Lucknow,357,26,High
2025-10-16,Shimla,165,47,Medium
2025-10-17,Delhi,374,24,High
2025-10-17,Bangalore,160,48,Medium
2025-10-17,Mumbai,500,10,High
2025-10-17,Chennai,535,10,High
2025-10-17,Ahmedabad,354,26,High
2025-10-17,Hyderabad,440,17,High
2025-10-17,Lucknow,167,47,Medium
2025-10-17,Shimla,147,49,Low
2025-10-18,Delhi,364,25,High
2025-10-18,Bangalore,191,44,Medium
2025-10-18,Mumbai,461,14,High
2025-10-18,Chennai,201,43,Medium
2025-10-18,Ahmedabad,186,45,Medium
2025-10-18,Hyderabad,363,25,High
2025-10-18,Lucknow,162,47,Medium
2025-10-18,Shimla,130,51,Low
2025-10-19,Delhi,328,29,Medium
2025-10-19,Bangalore,168,47,Medium
2025-10-19,Mumbai,423,18,High
2025-10-19,Chennai,359,26,High
2025-10-19,Ahmedabad,406,20,High
2025-10-19,Hyderabad,298,32,Medium
2025-10-19,Lucknow,372,24,High
2025-10-19,Shimla,107,54,Low
2025-10-20,Delhi,396,21,High
2025-10-20,Bangalore,340,28,Medium
2025-10-20,Mumbai,355,26,High
2025-10-20,Chennai,234,39,Medium
2025-10-20,Ahmedabad,259,37,Medium
2025-10-20,Hyderabad,453,15,High
2025-10-20,Lucknow,154,48,Medium
2025-10-20,Shimla,169,47,Medium
2025-10-21,Delhi,339,28,Medium
2025-10-21,Bangalore,390,22,High
2025-10-21,Mumbai,386,23,High
2025-10-21,Chennai,294,33,Medium
2025-10-21,Ahmedabad,434,17,High
2025-10-21,Hyderabad,468,13,High
2025-10-21,Lucknow,361,25,High
2025-10-21,Shimla,113,53,Low
2025-10-22,Delhi,527,10,High
2025-10-22,Bangalore,168,47,Medium
2025-10-22,Mumbai,474,13,High
2025-10-22,Chennai,361,25,High
2025-10-22,Ahmedabad,348,27,Medium
2025-10-22,Hyderabad,387,22,High
2025-10-22,Lucknow,411,20,High
2025-10-22,Shimla,131,51,Low
2025-10-23,Delhi,542,10,High
2025-10-23,Bangalore,379,23,High
2025-10-23,Mumbai,562,10,High
2025-10-23,Chennai,488,11,High
2025-10-23,Ahmedabad,351,26,High
2025-10-23,Hyderabad,186,45,Medium
2025-10-23,Lucknow,315,30,Medium
2025-10-23,Shimla,151,49,Medium
2025-10-24,Delhi,376,24,High
2025-10-24,Bangalore,403,21,High
2025-10-24,Mumbai,579,10,High
2025-10-24,Chennai,284,34,Medium
2025-10-24,Ahmedabad,327,29,Medium
2025-10-24,Hyderabad,232,40,Medium
2025-10-24,Lucknow,173,46,Medium
2025-10-24,Shimla,71,58,Low
2025-10-25,Delhi,589,10,High
2025-10-25,Bangalore,176,46,Medium
2025-10-25,Mumbai,465,14,High
2025-10-25,Chennai,280,34,Medium
2025-10-25,Ahmedabad,376,24,High
2025-10-25,Hyderabad,369,24,High
2025-10-25,Lucknow,242,39,Medium
2025-10-25,Shimla,103,54,Low
2025-10-26,Delhi,380,23,High
2025-10-26,Bangalore,240,39,Medium
2025-10-26,Mumbai,607,10,High
2025-10-26,Chennai,537,10,High
2025-10-26,Ahmedabad,473,13,High
2025-10-26,Hyderabad,250,38,Medium
2025-10-26,Lucknow,308,31,Medium
2025-10-26,Shimla,94,55,Low
2025-10-27,Delhi,488,11,High
2025-10-27,Bangalore,241,39,Medium
2025-10-27,Mumbai,443,16,High
2025-10-27,Chennai,322,30,Medium
2025-10-27,Ahmedabad,189,44,Medium
2025-10-27,Hyderabad,393,22,High
2025-10-27,Lucknow,183,45,Medium
2025-10-27,Shimla,180,45,Medium
2025-10-28,Delhi,303,32,Medium
2025-10-28,Bangalore,342,27,Medium
2025-10-28,Mumbai,495,10,High
2025-10-28,Chennai,296,33,Medium
2025-10-28,Ahmedabad,277,35,Medium
2025-10-28,Hyderabad,346,27,Medium
2025-10-28,Lucknow,398,21,High
2025-10-28,Shimla,87,56,Low
2025-10-29,Delhi,596,10,High
2025-10-29,Bangalore,365,25,High
2025-10-29,Mumbai,635,10,High
2025-10-29,Chennai,468,13,High
2025-10-29,Ahmedabad,492,11,High
2025-10-29,Hyderabad,370,24,High
2025-10-29,Lucknow,221,41,Medium
2025-10-29,Shimla,69,58,Low
2025-10-30,Delhi,276,35,Medium
2025-10-30,Bangalore,307,31,Medium
2025-10-30,Mumbai,300,32,Medium
2025-10-30,Chennai,246,38,Medium
2025-10-30,Ahmedabad,390,22,High
2025-10-30,Hyderabad,366,25,High
2025-10-30,Lucknow,227,40,Medium
2025-10-30,Shimla,111,53,Low
2025-10-31,Delhi,594,10,High
2025-10-31,Bangalore,176,46,Medium
2025-10-31,Mumbai,386,23,High
2025-10-31,Chennai,270,35,Medium
2025-10-31,Ahmedabad,455,15,High
2025-10-31,Hyderabad,418,19,High
2025-10-31,Lucknow,416,19,High
2025-10-31,Shimla,123,52,Low
2025-11-01,Delhi,320,30,Medium
2025-11-01,Bangalore,160,48,Medium
2025-11-01,Mumbai,530,10,High
2025-11-01,Chennai,482,12,High
2025-11-01,Ahmedabad,414,19,High
2025-11-01,Hyderabad,430,18,High
2025-11-01,Lucknow,261,36,Medium
2025-11-01,Shimla,91,55,Low
2025-11-02,Delhi,355,26,High
2025-11-02,Bangalore,383,23,High
2025-11-02,Mumbai,477,12,High
2025-11-02,Chennai,230,40,Medium
2025-11-02,Ahmedabad,269,36,Medium
2025-11-02,Hyderabad,180,45,Medium
2025-11-02,Lucknow,261,36,Medium
2025-11-02,Shimla,133,51,Low
2025-11-03,Delhi,528,10,High
2025-11-03,Bangalore,403,21,High
2025-11-03,Mumbai,419,19,High
2025-11-03,Chennai,285,34,Medium
2025-11-03,Ahmedabad,213,42,Medium
2025-11-03,Hyderabad,377,24,High
2025-11-03,Lucknow,414,19,High
2025-11-03,Shimla,94,55,Low
2025-11-04,Delhi,542,10,High
2025-11-04,Bangalore,376,24,High
2025-11-04,Mumbai,512,10,High
2025-11-04,Chennai,497,10,High
2025-11-04,Ahmedabad,305,32,Medium
2025-11-04,Hyderabad,423,18,High
2025-11-04,Lucknow,245,38,Medium
2025-11-04,Shimla,105,54,Low
2025-11-05,Delhi,403,21,High
2025-11-05,Bangalore,440,17,High
2025-11-05,Mumbai,440,17,High
2025-11-05,Chennai,501,10,High
2025-11-05,Ahmedabad,475,13,High
2025-11-05,Hyderabad,410,20,High
2025-11-05,Lucknow,300,32,Medium
2025-11-05,Shimla,81,56,Low
2025-11-06,Delhi,240,39,Medium
2025-11-06,Bangalore,314,31,Medium
2025-11-06,Mumbai,512,10,High
2025-11-06,Chennai,242,39,Medium
2025-11-06,Ahmedabad,422,19,High
2025-11-06,Hyderabad,180,45,Medium
2025-11-06,Lucknow,360,25,High
2025-11-06,Shimla,90,55,Low
2025-11-07,Delhi,200,43,Medium
2025-11-07,Bangalore,443,16,High
2025-11-07,Mumbai,388,22,High
2025-11-07,Chennai,490,11,High
2025-11-07,Ahmedabad,485,12,High
2025-11-07,Hyderabad,276,35,Medium
2025-11-07,Lucknow,284,34,Medium
2025-11-07,Shimla,125,52,Low
2025-11-08,Delhi,587,10,High
2025-11-08,Bangalore,318,30,Medium
2025-11-08,Mumbai,538,10,High
2025-11-08,Chennai,528,10,High
2025-11-08,Ahmedabad,272,35,Medium
2025-11-08,Hyderabad,478,12,High
2025-11-08,Lucknow,286,34,Medium
2025-11-08,Shimla,140,50,Low
2025-11-09,Delhi,279,34,Medium
2025-11-09,Bangalore,210,42,Medium
2025-11-09,Mumbai,516,10,High
2025-11-09,Chennai,407,20,High
2025-11-09,Ahmedabad,282,34,Medium
2025-11-09,Hyderabad,319,30,Medium
2025-11-09,Lucknow,321,30,Medium
2025-11-09,Shimla,151,49,Medium
2025-11-10,Delhi,218,41,Medium
2025-11-10,Bangalore,374,24,High
2025-11-10,Mumbai,311,31,Medium
2025-11-10,Chennai,348,27,Medium
2025-11-10,Ahmedabad,321,30,Medium
2025-11-10,Hyderabad,451,15,High
2025-11-10,Lucknow,319,30,Medium
2025-11-10,Shimla,134,51,Low
2025-11-11,Delhi,202,43,Medium
2025-11-11,Bangalore,362,25,High
2025-11-11,Mumbai,392,22,High
2025-11-11,Chennai,363,25,High
2025-11-11,Ahmedabad,471,13,High
2025-11-11,Hyderabad,217,41,Medium
2025-11-11,Lucknow,256,37,Medium
2025-11-11,Shimla,177,46,Medium
2025-11-12,Delhi,302,32,Medium
2025-11-12,Bangalore,154,48,Medium
2025-11-12,Mumbai,402,21,High
2025-11-12,Chennai,460,14,High
2025-11-12,Ahmedabad,424,18,High
2025-11-12,Hyderabad,182,45,Medium
2025-11-12,Lucknow,231,40,Medium
2025-11-12,Shimla,182,45,Medium
2025-11-13,Delhi,462,14,High
2025-11-13,Bangalore,289,33,Medium
2025-11-13,Mumbai,440,17,High
2025-11-13,Chennai,329,29,Medium
2025-11-13,Ahmedabad,421,19,High
2025-11-13,Hyderabad,277,35,Medium
2025-11-13,Lucknow,240,39,Medium
2025-11-13,Shimla,176,46,Medium
2025-11-14,Delhi,409,20,High
2025-11-14,Bangalore,379,23,High
2025-11-14,Mumbai,400,21,High
2025-11-14,Chennai,293,33,Medium
2025-11-14,Ahmedabad,409,20,High
2025-11-14,Hyderabad,259,37,Medium
2025-11-14,Lucknow,389,22,High
2025-11-14,Shimla,113,53,Low
2025-11-15,Delhi,597,10,High
2025-11-15,Bangalore,169,47,Medium
2025-11-15,Mumbai,364,25,High
2025-11-15,Chennai,337,28,Medium
2025-11-15,Ahmedabad,332,29,Medium
2025-11-15,Hyderabad,286,34,Medium
2025-11-15,Lucknow,294,33,Medium
2025-11-15,Shimla,73,57,Low
2025-11-16,Delhi,469,13,High
2025-11-16,Bangalore,292,33,Medium
2025-11-16,Mumbai,253,37,Medium
2025-11-16,Chennai,337,28,Medium
2025-11-16,Ahmedabad,410,20,High
2025-11-16,Hyderabad,457,15,High
2025-11-16,Lucknow,262,36,Medium
2025-11-16,Shimla,190,44,Medium
2025-11-17,Delhi,464,14,High
2025-11-17,Bangalore,436,17,High
2025-11-17,Mumbai,470,13,High
2025-11-17,Chennai,446,16,High
2025-11-17,Ahmedabad,382,23,High
2025-11-17,Hyderabad,418,19,High
2025-11-17,Lucknow,237,39,Medium
2025-11-17,Shimla,124,52,Low
2025-11-18,Delhi,566,10,High
2025-11-18,Bangalore,273,35,Medium
2025-11-18,Mumbai,429,18,High
2025-11-18,Chennai,463,14,High
2025-11-18,Ahmedabad,453,15,High
2025-11-18,Hyderabad,355,26,High
2025-11-18,Lucknow,276,35,Medium
2025-11-18,Shimla,141,50,Low
2025-11-19,Delhi,513,10,High
2025-11-19,Bangalore,312,31,Medium
2025-11-19,Mumbai,599,10,High
2025-11-19,Chennai,429,18,High
2025-11-19,Ahmedabad,406,20,High
2025-11-19,Hyderabad,449,16,High
2025-11-19,Lucknow,320,30,Medium
2025-11-19,Shimla,157,48,Medium
2025-11-20,Delhi,590,10,High
2025-11-20,Bangalore,317,30,Medium
2025-11-20,Mumbai,393,22,High
2025-11-20,Chennai,344,27,Medium
2025-11-20,Ahmedabad,310,31,Medium
2025-11-20,Hyderabad,243,38,Medium
2025-11-20,Lucknow,340,28,Medium
2025-11-20,Shimla,67,58,Low
2025-11-21,Delhi,580,10,High
2025-11-21,Bangalore,327,29,Medium
2025-11-21,Mumbai,321,30,Medium
2025-11-21,Chennai,301,32,Medium
2025-11-21,Ahmedabad,333,28,Medium
2025-11-21,Hyderabad,461,14,High
2025-11-21,Lucknow,156,48,Medium
2025-11-21,Shimla,172,46,Medium
2025-11-22,Delhi,389,22,High
2025-11-22,Bangalore,332,29,Medium
2025-11-22,Mumbai,517,10,High
2025-11-22,Chennai,474,13,High
2025-11-22,Ahmedabad,281,34,Medium
2025-11-22,Hyderabad,196,44,Medium
2025-11-22,Lucknow,150,49,Medium
2025-11-22,Shimla,112,53,Low
2025-11-23,Delhi,474,13,High
2025-11-23,Bangalore,199,43,Medium
2025-11-23,Mumbai,598,10,High
2025-11-23,Chennai,296,33,Medium
2025-11-23,Ahmedabad,200,43,Medium
2025-11-23,Hyderabad,342,27,Medium
2025-11-23,Lucknow,175,46,Medium
2025-11-23,Shimla,71,58,Low
2025-11-24,Delhi,226,40,Medium
2025-11-24,Bangalore,207,42,Medium
2025-11-24,Mumbai,573,10,High
2025-11-24,Chennai,221,41,Medium
2025-11-24,Ahmedabad,491,11,High
2025-11-24,Hyderabad,198,43,Medium
2025-11-24,Lucknow,218,41,Medium
2025-11-24,Shimla,132,51,Low
2025-11-25,Delhi,317,30,Medium
2025-11-25,Bangalore,201,43,Medium
2025-11-25,Mumbai,398,21,High
2025-11-25,Chennai,384,23,High
2025-11-25,Ahmedabad,279,34,Medium
2025-11-25,Hyderabad,295,33,Medium
2025-11-25,Lucknow,180,45,Medium
2025-11-25,Shimla,84,56,Low
2025-11-26,Delhi,371,24,High
2025-11-26,Bangalore,169,47,Medium
2025-11-26,Mumbai,251,38,Medium
2025-11-26,Chennai,316,30,Medium
2025-11-26,Ahmedabad,230,40,Medium
2025-11-26,Hyderabad,311,31,Medium
2025-11-26,Lucknow,369,24,High
2025-11-26,Shimla,166,47,Medium
2025-11-27,Delhi,405,20,High
2025-11-27,Bangalore,174,46,Medium
2025-11-27,Mumbai,441,16,High
2025-11-27,Chennai,490,11,High
2025-11-27,Ahmedabad,326,29,Medium
2025-11-27,Hyderabad,339,28,Medium
2025-11-27,Lucknow,382,23,High
2025-11-27,Shimla,50,60,Low
2025-11-28,Delhi,505,10,High
2025-11-28,Bangalore,191,44,Medium
2025-11-28,Mumbai,272,35,Medium
2025-11-28,Chennai,505,10,High
2025-11-28,Ahmedabad,293,33,Medium
2025-11-28,Hyderabad,280,34,Medium
2025-11-28,Lucknow,160,48,Medium
2025-11-28,Shimla,89,56,Low
2025-11-29,Delhi,379,23,High
2025-11-29,Bangalore,196,44,Medium
2025-11-29,Mumbai,552,10,High
2025-11-29,Chennai,289,33,Medium
2025-11-29,Ahmedabad,364,25,High
2025-11-29,Hyderabad,380,23,High
2025-11-29,Lucknow,287,34,Medium
2025-11-29,Shimla,57,59,Low
2025-11-30,Delhi,353,26,High
2025-11-30,Bangalore,390,22,High
2025-11-30,Mumbai,436,17,High
2025-11-30,Chennai,300,32,Medium
2025-11-30,Ahmedabad,309,31,Medium
2025-11-30,Hyderabad,341,28,Medium
2025-11-30,Lucknow,210,42,Medium
2025-11-30,Shimla,155,48,Medium
2025-12-01,Delhi,503,10,High
2025-12-01,Bangalore,362,25,High
2025-12-01,Mumbai,255,37,Medium
2025-12-01,Chennai,416,19,High
2025-12-01,Ahmedabad,244,38,Medium
2025-12-01,Hyderabad,475,13,High
2025-12-01,Lucknow,197,44,Medium
2025-12-01,Shimla,169,47,Medium
2025-12-02,Delhi,504,10,High
2025-12-02,Bangalore,252,37,Medium
2025-12-02,Mumbai,504,10,High
2025-12-02,Chennai,504,10,High
2025-12-02,Ahmedabad,343,27,Medium
2025-12-02,Hyderabad,383,23,High
2025-12-02,Lucknow,296,33,Medium
2025-12-02,Shimla,120,52,Low
2025-12-03,Delhi,266,36,Medium
2025-12-03,Bangalore,250,38,Medium
2025-12-03,Mumbai,552,10,High
2025-12-03,Chennai,330,29,Medium
2025-12-03,Ahmedabad,395,22,High
2025-12-03,Hyderabad,272,35,Medium
2025-12-03,Lucknow,261,36,Medium
2025-12-03,Shimla,185,45,Medium
2025-12-04,Delhi,230,40,Medium
2025-12-04,Bangalore,360,25,High
2025-12-04,Mumbai,456,15,High
2025-12-04,Chennai,466,14,High
2025-12-04,Ahmedabad,359,26,High
2025-12-04,Hyderabad,281,34,Medium
2025-12-04,Lucknow,269,36,Medium
2025-12-04,Shimla,167,47,Medium
2025-12-05,Delhi,310,31,Medium
2025-12-05,Bangalore,236,39,Medium
2025-12-05,Mumbai,387,22,High
2025-12-05,Chennai,498,10,High
2025-12-05,Ahmedabad,309,31,Medium
2025-12-05,Hyderabad,413,20,High
2025-12-05,Lucknow,323,30,Medium
2025-12-05,Shimla,161,48,Medium
2025-12-06,Delhi,282,34,Medium
2025-12-06,Bangalore,313,31,Medium
2025-12-06,Mumbai,528,10,High
2025-12-06,Chennai,246,38,Medium
2025-12-06,Ahmedabad,373,24,High
2025-12-06,Hyderabad,294,33,Medium
2025-12-06,Lucknow,357,26,High
2025-12-06,Shimla,127,51,Low
2025-12-07,Delhi,508,10,High
2025-12-07,Bangalore,347,27,Medium
2025-12-07,Mumbai,540,10,High
2025-12-07,Chennai,207,42,Medium
2025-12-07,Ahmedabad,489,11,High
2025-12-07,Hyderabad,234,39,Medium
2025-12-07,Lucknow,313,31,Medium
2025-12-07,Shimla,191,44,Medium
2025-12-08,Delhi,531,10,High
2025-12-08,Bangalore,167,47,Medium
2025-12-08,Mumbai,400,21,High
2025-12-08,Chennai,545,10,High
2025-12-08,Ahmedabad,486,11,High
2025-12-08,Hyderabad,400,21,High
2025-12-08,Lucknow,319,30,Medium
2025-12-08,Shimla,185,45,Medium
2025-12-09,Delhi,408,20,High
2025-12-09,Bangalore,370,24,High
2025-12-09,Mumbai,650,10,High
2025-12-09,Chennai,367,25,High
2025-12-09,Ahmedabad,269,36,Medium
2025-12-09,Hyderabad,274,35,Medium
2025-12-09,Lucknow,418,19,High
2025-12-09,Shimla,55,59,Low
2025-12-10,Delhi,324,29,Medium
2025-12-10,Bangalore,387,22,High
2025-12-10,Mumbai,328,29,Medium
2025-12-10,Chennai,208,42,Medium
2025-12-10,Ahmedabad,379,23,High
2025-12-10,Hyderabad,355,26,High
2025-12-10,Lucknow,266,36,Medium
2025-12-10,Shimla,118,52,Low
2025-12-11,Delhi,234,39,Medium
2025-12-11,Bangalore,323,30,Medium
2025-12-11,Mumbai,529,10,High
2025-12-11,Chennai,455,15,High
2025-12-11,Ahmedabad,500,10,High
2025-12-11,Hyderabad,354,26,High
2025-12-11,Lucknow,277,35,Medium
2025-12-11,Shimla,189,44,Medium
2025-12-12,Delhi,463,14,High
2025-12-12,Bangalore,365,25,High
2025-12-12,Mumbai,412,20,High
2025-12-12,Chennai,214,42,Medium
2025-12-12,Ahmedabad,206,43,Medium
2025-12-12,Hyderabad,192,44,Medium
2025-12-12,Lucknow,414,19,High
2025-12-12,Shimla,155,48,Medium
2025-12-13,Delhi,464,14,High
2025-12-13,Bangalore,287,34,Medium
2025-12-13,Mumbai,453,15,High
2025-12-13,Chennai,324,29,Medium
2025-12-13,Ahmedabad,286,34,Medium
2025-12-13,Hyderabad,448,16,High
2025-12-13,Lucknow,188,45,Medium
2025-12-13,Shimla,95,55,Low
2025-12-14,Delhi,363,25,High
2025-12-14,Bangalore,272,35,Medium
2025-12-14,Mumbai,296,33,Medium
2025-12-14,Chennai,287,34,Medium
2025-12-14,Ahmedabad,462,14,High
2025-12-14,Hyderabad,402,21,High
2025-12-14,Lucknow,345,27,Medium
2025-12-14,Shimla,133,51,Low
2025-12-15,Delhi,524,10,High
2025-12-15,Bangalore,283,34,Medium
2025-12-15,Mumbai,541,10,High
2025-12-15,Chennai,205,43,Medium
2025-12-15,Ahmedabad,228,40,Medium
2025-12-15,Hyderabad,312,31,Medium
2025-12-15,Lucknow,179,46,Medium
2025-12-15,Shimla,180,45,Medium
2025-12-16,Delhi,355,26,High
2025-12-16,Bangalore,286,34,Medium
2025-12-16,Mumbai,281,34,Medium
2025-12-16,Chennai,535,10,High
2025-12-16,Ahmedabad,268,36,Medium
2025-12-16,Hyderabad,220,41,Medium
2025-12-16,Lucknow,202,43,Medium
2025-12-16,Shimla,162,47,Medium
2025-12-17,Delhi,225,40,Medium
2025-12-17,Bangalore,391,22,High
2025-12-17,Mumbai,553,10,High
2025-12-17,Chennai,440,17,High
2025-12-17,Ahmedabad,417,19,High
2025-12-17,Hyderabad,460,14,High
2025-12-17,Lucknow,169,47,Medium
2025-12-17,Shimla,176,46,Medium
2025-12-18,Delhi,417,19,High
2025-12-18,Bangalore,251,38,Medium
2025-12-18,Mumbai,401,21,High
2025-12-18,Chennai,284,34,Medium
2025-12-18,Ahmedabad,212,42,Medium
2025-12-18,Hyderabad,187,45,Medium
2025-12-18,Lucknow,380,23,High
2025-12-18,Shimla,193,44,Medium
2025-12-19,Delhi,426,18,High
2025-12-19,Bangalore,260,37,Medium
2025-12-19,Mumbai,440,17,High
2025-12-19,Chennai,360,25,High
2025-12-19,Ahmedabad,312,31,Medium
2025-12-19,Hyderabad,327,29,Medium
2025-12-19,Lucknow,391,22,High
2025-12-19,Shimla,104,54,Low
2025-12-20,Delhi,404,21,High
2025-12-20,Bangalore,411,20,High
2025-12-20,Mumbai,580,10,High
2025-12-20,Chennai,483,12,High
2025-12-20,Ahmedabad,241,39,Medium
2025-12-20,Hyderabad,182,45,Medium
2025-12-20,Lucknow,215,42,Medium
2025-12-20,Shimla,174,46,Medium
2025-12-21,Delhi,460,14,High
2025-12-21,Bangalore,244,38,Medium
2025-12-21,Mumbai,355,26,High
2025-12-21,Chennai,513,10,High
2025-12-21,Ahmedabad,348,27,Medium
2025-12-21,Hyderabad,444,16,High
2025-12-21,Lucknow,346,27,Medium
2025-12-21,Shimla,83,56,Low
2025-12-22,Delhi,590,10,High
2025-12-22,Bangalore,362,25,High
2025-12-22,Mumbai,272,35,Medium
2025-12-22,Chennai,284,34,Medium
2025-12-22,Ahmedabad,383,23,High
2025-12-22,Hyderabad,373,24,High
2025-12-22,Lucknow,172,46,Medium
2025-12-22,Shimla,179,46,Medium
2025-12-23,Delhi,533,10,High
2025-12-23,Bangalore,421,19,High
2025-12-23,Mumbai,552,10,High
2025-12-23,Chennai,512,10,High
2025-12-23,Ahmedabad,377,24,High
2025-12-23,Hyderabad,252,37,Medium
2025-12-23,Lucknow,173,46,Medium
2025-12-23,Shimla,191,44,Medium
2025-12-24,Delhi,552,10,High
2025-12-24,Bangalore,161,48,Medium
2025-12-24,Mumbai,554,10,High
2025-12-24,Chennai,351,26,High
2025-12-24,Ahmedabad,189,44,Medium
2025-12-24,Hyderabad,401,21,High
2025-12-24,Lucknow,212,42,Medium
2025-12-24,Shimla,65,58,Low
2025-12-25,Delhi,250,38,Medium
2025-12-25,Bangalore,336,28,Medium
2025-12-25,Mumbai,340,28,Medium
2025-12-25,Chennai,544,10,High
2025-12-25,Ahmedabad,197,44,Medium
2025-12-25,Hyderabad,405,20,High
2025-12-25,Lucknow,326,29,Medium
2025-12-25,Shimla,166,47,Medium
2025-12-26,Delhi,371,24,High
2025-12-26,Bangalore,199,43,Medium
2025-12-26,Mumbai,583,10,High
2025-12-26,Chennai,351,26,High
2025-12-26,Ahmedabad,415,19,High
2025-12-26,Hyderabad,184,45,Medium
2025-12-26,Lucknow,193,44,Medium
2025-12-26,Shimla,134,51,Low
2025-12-27,Delhi,475,13,High
2025-12-27,Bangalore,153,48,Medium
2025-12-27,Mumbai,468,13,High
2025-12-27,Chennai,202,43,Medium
2025-12-27,Ahmedabad,389,22,High
2025-12-27,Hyderabad,244,38,Medium
2025-12-27,Lucknow,296,33,Medium
2025-12-27,Shimla,158,48,Medium
2025-12-28,Delhi,367,25,High
2025-12-28,Bangalore,375,24,High
2025-12-28,Mumbai,398,21,High
2025-12-28,Chennai,334,28,Medium
2025-12-28,Ahmedabad,293,33,Medium
2025-12-28,Hyderabad,245,38,Medium
2025-12-28,Lucknow,349,27,Medium
2025-12-28,Shimla,98,55,Low
2025-12-29,Delhi,218,41,Medium
2025-12-29,Bangalore,383,23,High
2025-12-29,Mumbai,482,12,High
2025-12-29,Chennai,505,10,High
2025-12-29,Ahmedabad,298,32,Medium
2025-12-29,Hyderabad,379,23,High
2025-12-29,Lucknow,291,33,Medium
2025-12-29,Shimla,138,50,Low
2025-12-30,Delhi,342,27,Medium
2025-12-30,Bangalore,172,46,Medium
2025-12-30,Mumbai,324,29,Medium
2025-12-30,Chennai,310,31,Medium
2025-12-30,Ahmedabad,307,31,Medium
2025-12-30,Hyderabad,421,19,High
2025-12-30,Lucknow,235,39,Medium
2025-12-30,Shimla,138,50,Low
2025-12-31,Delhi,230,40,Medium
2025-12-31,Bangalore,420,19,High
2025-12-31,Mumbai,524,10,High
2025-12-31,Chennai,236,39,Medium
2025-12-31,Ahmedabad,336,28,Medium
2025-12-31,Hyderabad,264,36,Medium
2025-12-31,Lucknow,407,20,High
2025-12-31,Shimla,152,49,Medium
2026-01-01,Delhi,458,15,High
2026-01-01,Bangalore,379,23,High
2026-01-01,Mumbai,384,23,High
2026-01-01,Chennai,493,11,High
2026-01-01,Ahmedabad,395,22,High
2026-01-01,Hyderabad,422,19,High
2026-01-01,Lucknow,323,30,Medium
2026-01-01,Shimla,69,58,Low
2026-01-02,Delhi,409,20,High
2026-01-02,Bangalore,299,32,Medium
2026-01-02,Mumbai,289,33,Medium
2026-01-02,Chennai,504,10,High
2026-01-02,Ahmedabad,192,44,Medium
2026-01-02,Hyderabad,439,17,High
2026-01-02,Lucknow,220,41,Medium
2026-01-02,Shimla,98,55,Low
2026-01-03,Delhi,465,14,High
2026-01-03,Bangalore,323,30,Medium
2026-01-03,Mumbai,389,22,High
2026-01-03,Chennai,466,14,High
2026-01-03,Ahmedabad,262,36,Medium
2026-01-03,Hyderabad,413,20,High
2026-01-03,Lucknow,309,31,Medium
2026-01-03,Shimla,104,54,Low
2026-01-04,Delhi,449,16,High
2026-01-04,Bangalore,420,19,High
2026-01-04,Mumbai,619,10,High
2026-01-04,Chennai,340,28,Medium
2026-01-04,Ahmedabad,347,27,Medium
2026-01-04,Hyderabad,374,24,High
2026-01-04,Lucknow,228,40,Medium
2026-01-04,Shimla,74,57,Low
2026-01-05,Delhi,389,22,High
2026-01-05,Bangalore,270,35,Medium
2026-01-05,Mumbai,307,31,Medium
2026-01-05,Chennai,370,24,High
2026-01-05,Ahmedabad,233,40,Medium
2026-01-05,Hyderabad,471,13,High
2026-01-05,Lucknow,333,28,Medium
2026-01-05,Shimla,126,51,Low
2026-01-06,Delhi,444,16,High
2026-01-06,Bangalore,232,40,Medium
2026-01-06,Mumbai,600,10,High
2026-01-06,Chennai,465,14,High
2026-01-06,Ahmedabad,286,34,Medium
2026-01-06,Hyderabad,284,34,Medium
2026-01-06,Lucknow,188,45,Medium
2026-01-06,Shimla,191,44,Medium
2026-01-07,Delhi,519,10,High
2026-01-07,Bangalore,430,18,High
2026-01-07,Mumbai,281,34,Medium
2026-01-07,Chennai,436,17,High
2026-01-07,Ahmedabad,371,24,High
2026-01-07,Hyderabad,351,26,High
2026-01-07,Lucknow,371,24,High
2026-01-07,Shimla,56,59,Low
2026-01-08,Delhi,379,23,High
2026-01-08,Bangalore,210,42,Medium
2026-01-08,Mumbai,344,27,Medium
2026-01-08,Chennai,506,10,High
2026-01-08,Ahmedabad,241,39,Medium
2026-01-08,Hyderabad,341,28,Medium
2026-01-08,Lucknow,244,38,Medium
2026-01-08,Shimla,184,45,Medium
2026-01-09,Delhi,496,10,High
2026-01-09,Bangalore,375,24,High
2026-01-09,Mumbai,253,37,Medium
2026-01-09,Chennai,300,32,Medium
2026-01-09,Ahmedabad,202,43,Medium
2026-01-09,Hyderabad,239,39,Medium
2026-01-09,Lucknow,345,27,Medium
2026-01-09,Shimla,122,52,Low
2026-01-10,Delhi,449,16,High
2026-01-10,Bangalore,371,24,High
2026-01-10,Mumbai,339,28,Medium
2026-01-10,Chennai,270,35,Medium
2026-01-10,Ahmedabad,311,31,Medium
2026-01-10,Hyderabad,321,30,Medium
2026-01-10,Lucknow,260,37,Medium
2026-01-10,Shimla,154,48,Medium
2026-01-11,Delhi,488,11,High
2026-01-11,Bangalore,206,43,Medium
2026-01-11,Mumbai,436,17,High
2026-01-11,Chennai,387,22,High
2026-01-11,Ahmedabad,475,13,High
2026-01-11,Hyderabad,368,25,High
2026-01-11,Lucknow,164,47,Medium
2026-01-11,Shimla,53,60,Low
2026-01-12,Delhi,552,10,High
2026-01-12,Bangalore,355,26,High
2026-01-12,Mumbai,442,16,High
2026-01-12,Chennai,220,41,Medium
2026-01-12,Ahmedabad,196,44,Medium
2026-01-12,Hyderabad,393,22,High
2026-01-12,Lucknow,202,43,Medium
2026-01-12,Shimla,139,50,Low
2026-01-13,Delhi,433,17,High
2026-01-13,Bangalore,190,44,Medium
2026-01-13,Mumbai,632,10,High
2026-01-13,Chennai,229,40,Medium
2026-01-13,Ahmedabad,425,18,High
2026-01-13,Hyderabad,195,44,Medium
2026-01-13,Lucknow,343,27,Medium
2026-01-13,Shimla,76,57,Low
2026-01-14,Delhi,245,38,Medium
2026-01-14,Bangalore,164,47,Medium
2026-01-14,Mumbai,294,33,Medium
2026-01-14,Chennai,352,26,High
2026-01-14,Ahmedabad,227,40,Medium
2026-01-14,Hyderabad,394,22,High
2026-01-14,Lucknow,293,33,Medium
2026-01-14,Shimla,175,46,Medium
2026-01-15,Delhi,202,43,Medium
2026-01-15,Bangalore,298,32,Medium
2026-01-15,Mumbai,296,33,Medium
2026-01-15,Chennai,304,32,Medium
2026-01-15,Ahmedabad,428,18,High
2026-01-15,Hyderabad,241,39,Medium
2026-01-15,Lucknow,332,29,Medium
2026-01-15,Shimla,95,55,Low
2026-01-16,Delhi,496,10,High
2026-01-16,Bangalore,293,33,Medium
2026-01-16,Mumbai,329,29,Medium
2026-01-16,Chennai,414,19,High
2026-01-16,Ahmedabad,465,14,High
2026-01-16,Hyderabad,297,32,Medium
2026-01-16,Lucknow,185,45,Medium
2026-01-16,Shimla,138,50,Low
